title,price,rating,availability,category,title_hashtags,title_mentions,title_keywords
a light in the attic,65.75,3,1,poetry,,,"light,the,attic"
tipping the velvet,68.25,1,1,historical fiction,,,"tipping,the,velvet"
soumission,63.63,1,1,fiction,,,soumission
sharp objects,60.73,4,1,mystery,,,"sharp,objects"
sapiens a brief history of humankind,68.87,5,1,history,,,"sapiens:,brief,history,humankind"
the requiem red,28.77,1,1,young adult,,,"the,requiem,red"
the dirty little secrets of getting your dream job,42.34,4,1,business,,,"the,dirty,little,secrets,getting"
the coming woman a novel based on the life of the infamous feminist victoria woodhull,22.77,3,1,default,,,"the,coming,woman:,novel,based"
the boys in the boat nine americans and their epic quest for gold at the 1936 berlin olympics,28.7,4,1,default,,,"the,boys,the,boat:,nine"
the black maria,66.23,1,1,poetry,,,"the,black,maria"
starving hearts triangular trade trilogy 1,17.77,2,1,default,#1,,"starving,hearts,(triangular,trade,trilogy,"
shakespeares sonnets,26.24,4,1,poetry,,,"shakespeare's,sonnets"
set me free,22.17,5,1,young adult,,,"set,free"
scott pilgrims precious little life scott pilgrim 1,66.41,5,1,sequential art,#1,,"scott,pilgrim's,precious,little,life"
rip it up and start again,44.48,5,1,music,,,"rip,and,start,again"
our band could be your life scenes from the american indie underground 19811991,72.71,3,1,music,,,"our,band,could,your,life:"
olio,30.33,1,1,poetry,,,olio
mesaerion the best science fiction stories 18001849,47.74,1,1,science fiction,,,"mesaerion:,the,best,science,fiction"
libertarianism for beginners,65.19,2,1,politics,,,"libertarianism,for,beginners"
its only the himalayas,57.37,2,1,travel,,,"it's,only,the,himalayas"
in her wake,16.31,1,1,thriller,,,"her,wake"
how music works,47.4,2,1,music,,,"how,music,works"
foolproof preserving a guide to small batch jams jellies pickles condiments and more a foolproof guide to making small batch jams jellies pickles condiments and more,38.76,3,1,food and drink,,,"foolproof,preserving:,guide,small,batch"
chase me paris nights 2,32.09,5,1,romance,#2,,"chase,(paris,nights,#2)"
black dust,43.85,5,1,romance,,,"black,dust"
birdsong a story in pictures,69.39,3,1,childrens,,,"birdsong:,story,pictures"
americas cradle of quarterbacks western pennsylvanias football factory from johnny unitas to joe montana,28.57,3,1,default,,,"america's,cradle,quarterbacks:,western,pennsylvania's"
aladdin and his wonderful lamp,67.48,3,1,default,,,"aladdin,and,his,wonderful,lamp"
worlds elsewhere journeys around shakespeares globe,51.18,5,1,nonfiction,,,"worlds,elsewhere:,journeys,around,shakespeare’s"
wall and piece,56.11,4,1,art,,,"wall,and,piece"
the four agreements a practical guide to personal freedom,22.43,5,1,spirituality,,,"the,four,agreements:,practical,guide"
the five love languages how to express heartfelt commitment to your mate,39.43,3,1,nonfiction,,,"the,five,love,languages:,how"
the elephant tree,30.25,5,1,thriller,,,"the,elephant,tree"
the bear and the piano,46.85,1,1,childrens,,,"the,bear,and,the,piano"
sophies world,20.24,5,1,philosophy,,,"sophie's,world"
penny maybe,42.28,3,1,default,,,"penny,maybe"
maude 18831993she grew up with the country,22.89,2,1,default,,,"maude,(1883-1993):she,grew,with,the"
in a dark dark wood,24.93,1,1,mystery,,,"dark,,dark,wood"
behind closed doors,66.32,4,1,thriller,,,"behind,closed,doors"
you cant bury them all poems,42.71,2,1,poetry,,,"you,can't,bury,them,all:"
slow states of collapse poems,72.78,3,1,poetry,,,"slow,states,collapse:,poems"
reasons to stay alive,33.54,2,1,nonfiction,,,"reasons,stay,alive"
private paris private 10,60.46,5,1,fiction,#10,,"private,paris,(private,#10)"
higherselfie wake up your life free your soul find your tribe,29.35,5,1,nonfiction,#higherselfie,,"#higherselfie:,wake,your,life.,free"
without borders wanderlove 1,57.24,2,1,new adult,#1,,"without,borders,(wanderlove,#1)"
when we collided,40.35,1,1,contemporary,,,"when,collided"
we love you charlie freeman,63.84,5,1,fiction,,,"love,you,,charlie,freeman"
untitled collection sabbath poems 2014,18.12,4,1,poetry,,,"untitled,collection:,sabbath,poems,2014"
unseen city the majesty of pigeons the discreet charm of snails other wonders of the urban wilderness,56.11,4,1,nonfiction,,,"unseen,city:,the,majesty,pigeons,"
unicorn tracks,23.85,3,1,fantasy,,,"unicorn,tracks"
unbound how eight technologies made us human transformed society and brought our world to the brink,32.41,1,1,history,,,"unbound:,how,eight,technologies,made"
tsubasa world chronicle 2 tsubasa world chronicle 2,20.68,1,1,sequential art,#2,,"tsubasa:,world,chronicle,(tsubasa,world"
throwing rocks at the google bus how growth became the enemy of prosperity,39.52,3,1,nonfiction,,,"throwing,rocks,the,google,bus:"
this one summer,24.75,4,1,sequential art,,,"this,one,summer"
thirst,21.93,5,1,fiction,,,thirst
the torch is passed a harding family story,24.24,1,1,add a comment,,,"the,torch,passed:,harding,family"
the secret of dreadwillow carse,71.29,1,1,childrens,,,"the,secret,dreadwillow,carse"
the pioneer woman cooks dinnertime comfort classics freezer food 16minute meals and other delicious ways to solve supper,71.64,1,1,food and drink,,,"the,pioneer,woman,cooks:,dinnertime:"
the past never ends,71.75,4,1,mystery,,,"the,past,never,ends"
the natural history of us the fine art of pretending 2,57.43,3,1,young adult,#2,,"the,natural,history,(the,fine"
the nameless city the nameless city 1,48.46,4,1,sequential art,#1,,"the,nameless,city,(the,nameless"
the murder that never was forensic instincts 5,68.72,3,1,fiction,#5,,"the,murder,that,never,was"
the most perfect thing inside and outside a birds egg,54.56,4,1,science,,,"the,most,perfect,thing:,inside"
the mindfulness and acceptance workbook for anxiety a guide to breaking free from anxiety phobias and worry using acceptance and commitment therapy,30.34,4,1,add a comment,,,"the,mindfulness,and,acceptance,workbook"
the lifechanging magic of tidying up the japanese art of decluttering and organizing,21.3,3,1,nonfiction,,,"the,life-changing,magic,tidying,up:"
the inefficiency assassin time management tactics for working smarter not longer,26.15,5,1,default,,,"the,inefficiency,assassin:,time,management"
the gutsy girl escapades for your life of epic adventure,47.16,1,1,nonfiction,,,"the,gutsy,girl:,escapades,for"
the electric pencil drawings from inside state hospital no 3,71.2,1,1,nonfiction,,,"the,electric,pencil:,drawings,from"
the death of humanity and the case for life,73.8,4,1,philosophy,,,"the,death,humanity:,and,the"
the bulletproof diet lose up to a pound a day reclaim energy and focus upgrade your life,62.29,3,1,health,,,"the,bulletproof,diet:,lose,pound"
the art forger,51.77,3,1,add a comment,,,"the,art,forger"
the age of genius the seventeenth century and the birth of the modern mind,25.06,1,1,history,,,"the,age,genius:,the,seventeenth"
the activists tao te ching ancient advice for a modern revolution,40.94,5,1,spirituality,,,"the,activist's,tao,ching:,ancient"
spark joy an illustrated master class on the art of organizing and tidying up,53.12,4,1,nonfiction,,,"spark,joy:,illustrated,master,class"
soul reader,50.27,2,1,default,,,"soul,reader"
security,49.85,2,1,horror,,,security
saga volume 6 saga collected editions 6,31.78,3,1,fantasy,#6,,"saga,,volume,(saga,(collected,editions)"
saga volume 5 saga collected editions 5,64.82,2,1,sequential art,#5,,"saga,,volume,(saga,(collected,editions)"
reskilling america learning to labor in the twentyfirst century,25.18,2,1,nonfiction,,,"reskilling,america:,learning,labor,the"
rat queens vol 3 demons rat queens collected editions 1115,64.01,3,1,sequential art,#11,,"rat,queens,,vol.,demons,(rat"
princess jellyfish 2in1 omnibus vol 01 princess jellyfish 2in1 omnibus 1,17.28,5,1,sequential art,#1,,"princess,jellyfish,2-in-1,omnibus,,vol."
princess between worlds wideawake princess 5,16.94,5,1,fantasy,#5,,"princess,between,worlds,(wide-awake,princess"
pop gun war volume 1 gift,24.09,1,1,sequential art,,,"pop,gun,war,,volume,gift"
political suicide missteps peccadilloes bad calls backroom hijinx sordid pasts rotten breaks and just plain dumb mistakes in the annals of american politics,46.08,2,1,history,,,"political,suicide:,missteps,,peccadilloes,,bad"
patience,12.9,3,1,sequential art,,,patience
outcast vol 1 a darkness surrounds him outcast 1,19.61,4,1,sequential art,#1,,"outcast,,vol.,darkness,surrounds,him"
orange the complete collection 1 orange the complete collection 1,61.48,1,1,sequential art,#1,,"orange:,the,complete,collection,(orange:"
online marketing for busy authors a stepbystep guide,58.86,1,1,self help,,,"online,marketing,for,busy,authors:"
on a midnight clear,17.87,3,1,add a comment,,,"midnight,clear"
obsidian lux 1,18.87,2,1,young adult,#1,,"obsidian,(lux,#1)"
my paris kitchen recipes and stories,42.38,2,1,food and drink,,,"paris,kitchen:,recipes,and,stories"
masks and shadows,71.63,2,1,fantasy,,,"masks,and,shadows"
mama tried traditional italian cooking for the screwed crude vegan and tattooed,17.81,4,1,food and drink,,,"mama,tried:,traditional,italian,cooking"
lumberjanes vol 2 friendship to the max lumberjanes 58,59.58,2,1,sequential art,#5,,"lumberjanes,,vol.,friendship,the,max"
lumberjanes vol 1 beware the kitten holy lumberjanes 14,57.92,3,1,sequential art,#1,,"lumberjanes,,vol.,beware,the,kitten"
lumberjanes vol 3 a terrible plan lumberjanes 912,25.3,2,1,sequential art,#9,,"lumberjanes,vol.,terrible,plan,(lumberjanes"
layered baking building and styling spectacular cakes,50.94,1,1,food and drink,,,"layered:,baking,,building,,and,styling"
judo seven steps to black belt an introductory guide for beginners,68.45,2,1,add a comment,,,"judo:,seven,steps,black,belt"
join,45.3,5,1,science fiction,,,join
in the country we love my family divided,27.94,4,1,nonfiction,,,"the,country,love:,family,divided"
immunity how elie metchnikoff changed the course of modern medicine,72.85,5,1,science,,,"immunity:,how,elie,metchnikoff,changed"
i hate fairyland vol 1 madly ever after i hate fairyland compilations 15,37.05,2,1,sequential art,#1,,"hate,fairyland,,vol.,madly,ever"
i am a hero omnibus volume 1,69.38,3,1,sequential art,,,"hero,omnibus,volume"
how to be miserable 40 strategies you already use,58.46,1,1,self help,,,"how,miserable:,strategies,you,already"
her backup boyfriend the sorensen family 1,43.14,1,1,romance,#1,,"her,backup,boyfriend,(the,sorensen"
giant days vol 2 giant days 58,28.08,2,1,sequential art,#5,,"giant,days,,vol.,(giant,days"
forever and forever the courtship of henry longfellow and fanny appleton,37.71,3,1,historical fiction,,,"forever,and,forever:,the,courtship"
first and first five boroughs 3,20.28,4,1,romance,#3,,"first,and,first,(five,boroughs"
fifty shades darker fifty shades 2,27.89,1,1,romance,#2,,"fifty,shades,darker,(fifty,shades"
everydata the misinformation hidden in the little data you consume every day,69.02,2,1,nonfiction,,,"everydata:,the,misinformation,hidden,the"
dont be a jerk and other practical advice from dogen japans greatest zen master,48.22,2,1,religion,,,"don't,jerk:,and,other,practical"
danganronpa volume 1,66.03,4,1,sequential art,,,"danganronpa,volume"
crown of midnight throne of glass 2,54.98,3,1,fantasy,#2,,"crown,midnight,(throne,glass,#2)"
codename baboushka volume 1 the conclave of death,46.63,4,1,sequential art,,,"codename,baboushka,,volume,the,conclave"
camp midnight,21.69,4,1,sequential art,,,"camp,midnight"
call the nurse true stories of a country nurse on a scottish isle,37.01,5,1,nonfiction,,,"call,the,nurse:,true,stories"
burning,36.59,3,1,young adult,,,burning
bossypants,62.81,2,1,default,,,bossypants
bitch planet vol 1 extraordinary machine bitch planet collected editions,48.16,2,1,sequential art,,,"bitch,planet,,vol.,extraordinary,machine"
avatar the last airbender smoke and shadow part 3 smoke and shadow 3,35.67,2,1,fantasy,#3,,"avatar:,the,last,airbender:,smoke"
algorithms to live by the computer science of human decisions,39.13,1,1,nonfiction,,,"algorithms,live,by:,the,computer"
a world of flavor your gluten free passport,54.55,1,1,default,,,"world,flavor:,your,gluten,free"
a piece of sky a grain of rice a memoir in four meditations,72.09,5,1,default,,,"piece,sky,,grain,rice:,memoir"
a murder in time,21.13,1,1,mystery,,,"murder,time"
a flight of arrows the pathfinders 2,70.52,5,1,historical fiction,#2,,"flight,arrows,(the,pathfinders,#2)"
a fierce and subtle poison,35.73,4,1,young adult,,,"fierce,and,subtle,poison"
a court of thorns and roses a court of thorns and roses 1,66.51,1,1,fantasy,#1,,"court,thorns,and,roses,court"
unqualified how god uses broken people to do big things,68.58,5,1,christian,,,"(un)qualified:,how,god,uses,broken"
you are what you love the spiritual power of habit,27.77,4,1,religion,,,"you,are,what,you,love:"
william shakespeares star wars verily a new hope william shakespeares star wars 4,54.99,4,1,science fiction,#4,,"william,shakespeare's,star,wars:,verily,"
tuesday nights in 1980,26.72,2,1,fiction,,,"tuesday,nights,1980"
tracing numbers on a train,52.83,3,1,default,,,"tracing,numbers,train"
throne of glass throne of glass 1,44.54,3,1,fantasy,#1,,"throne,glass,(throne,glass,#1)"
thomas jefferson and the tripoli pirates the forgotten war that changed american history,75.74,1,1,history,,,"thomas,jefferson,and,the,tripoli"
thirteen reasons why,66.95,1,1,default,,,"thirteen,reasons,why"
the white cat and the monk a retelling of the poem pangur bn,73.76,4,1,childrens,,,"the,white,cat,and,the"
the wedding dress,30.63,1,1,romance,,,"the,wedding,dress"
the vacationers,53.53,4,1,fiction,,,"the,vacationers"
the third wave an entrepreneurs vision of the future,16.01,5,1,business,,,"the,third,wave:,entrepreneur’s,vision"
the stranger,22.15,4,1,philosophy,,,"the,stranger"
the shadow hero the shadow hero,42.09,1,1,sequential art,,,"the,shadow,hero,(the,shadow"
the secret the secret 1,34.76,4,1,default,#1,,"the,secret,(the,secret,#1)"
the regional office is under attack,65.23,5,1,fiction,,,"the,regional,office,under,attack!"
the psychopath test a journey through the madness industry,45.72,2,1,default,,,"the,psychopath,test:,journey,through"
the project,13.53,1,1,science fiction,,,"the,project"
the power of now a guide to spiritual enlightenment,55.3,2,1,nonfiction,,,"the,power,now:,guide,spiritual"
the omnivores dilemma a natural history of four meals,48.53,2,1,nonfiction,,,"the,omnivore's,dilemma:,natural,history"
the nerdy nummies cookbook sweet treats for the geek in all of us,47.42,5,1,food and drink,,,"the,nerdy,nummies,cookbook:,sweet"
the murder of roger ackroyd hercule poirot 4,56.01,4,1,mystery,#4,,"the,murder,roger,ackroyd,(hercule"
the mistake offcampus 2,54.98,3,1,new adult,#2,,"the,mistake,(off-campus,#2)"
the matchmakers playbook wingmen inc 1,70.93,1,1,new adult,#1,,"the,matchmaker's,playbook,(wingmen,inc."
the love and lemons cookbook an appletozucchini celebration of impromptu cooking,47.75,2,1,food and drink,,,"the,love,and,lemons,cookbook:"
the long shadow of small ghosts murder and memory in an american city,13.93,1,1,crime,,,"the,long,shadow,small,ghosts:"
the kite runner,53.11,4,1,default,,,"the,kite,runner"
the house by the lake,46.93,1,1,historical fiction,,,"the,house,the,lake"
the glittering court the glittering court 1,56.24,1,1,fantasy,#1,,"the,glittering,court,(the,glittering"
the girl on the train,69.88,2,1,default,,,"the,girl,the,train"
the genius of birds,21.89,1,1,nonfiction,,,"the,genius,birds"
the emerald mystery,29.4,2,1,default,,,"the,emerald,mystery"
the cookies cups cookbook 125 sweet savory recipes reminding you to always eat dessert first,52.39,1,1,food and drink,,,"the,cookies,cups,cookbook:,125+"
the bridge to consciousness im writing the bridge between science and our old and new beliefs,40.64,3,1,default,,,"the,bridge,consciousness:,i'm,writing"
the artists way a spiritual path to higher creativity,48.88,5,1,nonfiction,,,"the,artist's,way:,spiritual,path"
the art of war,42.34,5,1,default,,,"the,art,war"
the argonauts,13.88,2,1,autobiography,,,"the,argonauts"
the 10 entrepreneur live your startup dream without quitting your day job,34.99,3,1,business,,,"the,10%,entrepreneur:,live,your"
suddenly in love lake haven 1,71.11,2,1,romance,#1,,"suddenly,love,(lake,haven,#1)"
something more than this,20.62,4,1,romance,,,"something,more,than,this"
soft apocalypse,33.17,2,1,science fiction,,,"soft,apocalypse"
so youve been publicly shamed,15.53,2,1,nonfiction,,,"you've,been,publicly,shamed"
shoe dog a memoir by the creator of nike,30.47,2,1,business,,,"shoe,dog:,memoir,the,creator"
shobu samurai project aryoku 3,36.91,3,1,add a comment,#3,,"shobu,samurai,,project,aryoku,(#3)"
secrets and lace fatal hearts 1,25.74,1,1,default,#1,,"secrets,and,lace,(fatal,hearts"
scarlett epstein hates it here,55.31,5,1,young adult,,,"scarlett,epstein,hates,here"
romero and juliet a tragic tale of love and zombies,46.91,1,1,default,,,"romero,and,juliet:,tragic,tale"
redeeming love,26.0,5,1,christian fiction,,,"redeeming,love"
poses for artists volume 1 dynamic and sitting poses an essential reference for figure drawing and the human form,52.15,1,1,default,,,"poses,for,artists,volume,dynamic"
poems that make grown women cry,18.02,4,1,poetry,,,"poems,that,make,grown,women"
nightingale sing,48.62,1,1,young adult,,,"nightingale,,sing"
night sky with exit wounds,52.13,1,1,poetry,,,"night,sky,with,exit,wounds"
mrs houdini,38.42,5,1,historical fiction,,,"mrs.,houdini"
modern romance,35.89,5,1,add a comment,,,"modern,romance"
miss peregrines home for peculiar children miss peregrines peculiar children 1,13.67,1,1,default,#1,,"miss,peregrine’s,home,for,peculiar"
louisa the extraordinary life of mrs adams,21.4,2,1,biography,,,"louisa:,the,extraordinary,life,mrs."
little red,17.11,3,1,childrens,,,"little,red"
library of souls miss peregrines peculiar children 3,61.67,5,1,young adult,#3,,"library,souls,(miss,peregrine’s,peculiar"
large print heart of the pride,24.32,2,1,default,,,"large,print,heart,the,pride"
i had a nice time and other lies how to find love sht like that,72.85,4,1,womens fiction,,,"had,nice,time,and,other"
hollow city miss peregrines peculiar children 2,54.58,1,1,fantasy,#2,,"hollow,city,(miss,peregrine’s,peculiar"
grumbles,28.14,2,1,default,,,grumbles
full moon over noahs ark an odyssey to mount ararat and beyond,62.78,4,1,travel,,,"full,moon,over,noah’s,ark:"
frostbite vampire academy 2,38.09,5,1,young adult,#2,,"frostbite,(vampire,academy,#2)"
follow you home,27.13,1,1,horror,,,"follow,you,home"
first steps for new christians print edition,36.83,1,1,default,,,"first,steps,for,new,christians"
finders keepers bill hodges trilogy 2,67.98,5,1,fiction,#2,,"finders,keepers,(bill,hodges,trilogy"
fables vol 1 legends in exile fables 1,52.86,4,1,sequential art,#1,,"fables,,vol.,legends,exile,(fables"
eureka trivia 60,69.33,4,1,default,,,"eureka,trivia,6.0"
drive the surprising truth about what motivates us,44.39,4,1,default,,,"drive:,the,surprising,truth,about"
done rubbed out reightman bailey 1,47.9,5,1,default,#1,,"done,rubbed,out,(reightman,bailey"
doing it over most likely to 1,45.22,3,1,romance,#1,,"doing,over,(most,likely,#1)"
deliciously ella every day quick and easy recipes for glutenfree snacks packed lunches and simple meals,53.54,3,1,food and drink,,,"deliciously,ella,every,day:,quick"
dark notes,24.37,5,1,erotica,,,"dark,notes"
daring greatly how the courage to be vulnerable transforms the way we live love parent and lead,24.68,3,1,nonfiction,,,"daring,greatly:,how,the,courage"
close to you,62.81,4,1,christian fiction,,,"close,you"
chasing heaven what dying taught me about living,48.01,2,1,spirituality,,,"chasing,heaven:,what,dying,taught"
big magic creative living beyond fear,39.12,3,1,nonfiction,,,"big,magic:,creative,living,beyond"
becoming wise an inquiry into the mystery and art of living,34.84,2,1,nonfiction,,,"becoming,wise:,inquiry,into,the"
beauty restored riley family legacy novellas 3,14.11,2,1,default,#3,,"beauty,restored,(riley,family,legacy"
batman the long halloween batman,46.36,2,1,sequential art,,,"batman:,the,long,halloween,(batman)"
batman the dark knight returns batman,19.53,5,1,sequential art,,,"batman:,the,dark,knight,returns"
ayumis violin,19.66,2,1,default,,,"ayumi's,violin"
anonymous,59.46,4,1,default,,,anonymous
amy meets the saints and sages,23.44,3,1,default,,,"amy,meets,the,saints,and"
amid the chaos,46.46,1,1,cultural,,,"amid,the,chaos"
amatus,64.19,5,1,default,,,amatus
agnostic a spirited manifesto,15.89,5,1,nonfiction,,,"agnostic:,spirited,manifesto"
zealot the life and times of jesus of nazareth,31.37,3,1,history,,,"zealot:,the,life,and,times"
you you 1,55.38,5,1,thriller,#1,,"you,(you,#1)"
wonder woman earth one volume one wonder woman earth one 1,47.42,4,1,sequential art,#1,,"wonder,woman:,earth,one,,volume"
wild swans,18.24,2,1,young adult,,,"wild,swans"
why the right went wrong conservatismfrom goldwater to the tea party and beyond,66.87,4,1,politics,,,"why,the,right,went,wrong:"
whole lotta creativity going on 60 fun and unusual exercises to awaken and strengthen your creativity,48.51,4,1,nonfiction,,,"whole,lotta,creativity,going,on:"
whats it like in space stories from astronauts whove been there,24.89,2,1,nonfiction,,,"what's,like,space?:,stories,from"
we are robin vol 1 the vigilante business we are robin 1,68.45,1,1,sequential art,#1,,"are,robin,,vol.,the,vigilante"
walt disneys alice in wonderland,16.46,5,1,childrens,,,"walt,disney's,alice,wonderland"
v for vendetta v for vendetta complete,47.12,4,1,default,,,"for,vendetta,for,vendetta,complete)"
until friday night the field party 1,58.81,2,1,young adult,#1,,"until,friday,night,(the,field"
unbroken a world war ii story of survival resilience and redemption,58.36,2,1,default,,,"unbroken:,world,war,story,survival,"
twenty yawns,28.04,2,1,childrens,,,"twenty,yawns"
through the woods,32.23,2,1,sequential art,,,"through,the,woods"
this is where it ends,34.44,2,1,young adult,,,"this,where,ends"
the year of magical thinking,54.66,2,1,nonfiction,,,"the,year,magical,thinking"
the wright brothers,72.14,4,1,default,,,"the,wright,brothers"
the white queen the cousins war 1,32.91,5,1,add a comment,#1,,"the,white,queen,(the,cousins'"
the wedding pact the omalleys 2,41.41,3,1,romance,#2,,"the,wedding,pact,(the,o'malleys"
the time keeper,35.41,5,1,fiction,,,"the,time,keeper"
the testament of mary,66.89,4,1,fiction,,,"the,testament,mary"
the startouched queen,58.45,5,1,fantasy,,,"the,star-touched,queen"
the songs of the gods,56.49,5,1,default,,,"the,songs,the,gods"
the song of achilles,47.5,5,1,add a comment,,,"the,song,achilles"
the rosie project don tillman 1,68.63,1,1,default,#1,,"the,rosie,project,(don,tillman"
the power of habit why we do what we do in life and business,21.44,3,1,default,,,"the,power,habit:,why,what"
the marriage of opposites,35.66,4,1,historical fiction,,,"the,marriage,opposites"
the lucifer effect understanding how good people turn evil,13.21,1,1,psychology,,,"the,lucifer,effect:,understanding,how"
the long haul diary of a wimpy kid 9,55.97,1,1,humor,#9,,"the,long,haul,(diary,wimpy"
the loney,29.72,1,1,horror,,,"the,loney"
the literature book big ideas simply explained,22.14,3,1,nonfiction,,,"the,literature,book,(big,ideas"
the last mile amos decker 2,68.85,2,1,mystery,#2,,"the,last,mile,(amos,decker"
the immortal life of henrietta lacks,51.65,2,1,add a comment,,,"the,immortal,life,henrietta,lacks"
the hidden oracle the trials of apollo 1,66.37,2,1,fantasy,#1,,"the,hidden,oracle,(the,trials"
the help yourself cookbook for kids 60 easy plantbased recipes kids can make to stay healthy and save the earth,36.54,3,1,food and drink,,,"the,help,yourself,cookbook,for"
the guilty will robie 4,17.55,2,1,thriller,#4,,"the,guilty,(will,robie,#4)"
the first hostage jb collins 2,32.83,3,1,fiction,#2,,"the,first,hostage,(j.b.,collins"
the dovekeepers,61.95,1,1,add a comment,,,"the,dovekeepers"
the darkest lie,44.89,5,1,young adult,,,"the,darkest,lie"
the bane chronicles the bane chronicles 111,56.81,4,1,fantasy,#1,,"the,bane,chronicles,(the,bane"
the badass librarians of timbuktu and their race to save the worlds most precious manuscripts,20.03,1,1,nonfiction,,,"the,bad-ass,librarians,timbuktu:,and"
the 14th colony cotton malone 11,49.83,1,1,thriller,#11,,"the,14th,colony,(cotton,malone"
that darkness gardiner and renner 1,17.68,1,1,mystery,#1,,"that,darkness,(gardiner,and,renner"
tastes like fear di marnie rome 3,13.58,1,1,mystery,#3,,"tastes,like,fear,(di,marnie"
take me with you,57.42,3,1,fiction,,,"take,with,you"
swell a year of waves,57.89,1,1,nonfiction,,,"swell:,year,waves"
superman vol 1 before truth superman by gene luen yang 1,15.1,5,1,sequential art,#1,,"superman,vol.,before,truth,(superman"
still life with bread crumbs,33.54,3,1,fiction,,,"still,life,with,bread,crumbs"
steve jobs,50.16,5,1,default,,,"steve,jobs"
sorting the beef from the bull the science of food fraud forensics,56.82,4,1,science,,,"sorting,the,beef,from,the"
someone like you the harrisons 2,67.04,5,1,contemporary,#2,,"someone,like,you,(the,harrisons"
so cute it hurts vol 6 so cute it hurts 6,45.0,4,1,sequential art,#6,,"cute,hurts!!,,vol.,(so,cute"
shtum,70.92,4,1,fiction,,,shtum
see america a celebration of our national parks treasured sites,62.06,3,1,travel,,,"see,america:,celebration,our,national"
salt,59.41,4,1,poetry,,,salt.
robin war,60.73,3,1,sequential art,,,"robin,war"
red hoodarsenal vol 1 open for business red hoodarsenal 1,32.36,2,1,sequential art,#1,,"red,hood/arsenal,,vol.,open,for"
rain fish,29.93,3,1,childrens,,,"rain,fish"
quarter life poetry poems for the young broke and hangry,64.63,5,1,poetry,,,"quarter,life,poetry:,poems,for"
pet sematary,13.41,3,1,horror,,,"pet,sematary"
overload how to unplug unwind and unleash yourself from the pressure of stress,66.23,3,1,self help,,,"overload:,how,unplug,,unwind,,and"
once was a time,23.22,2,1,childrens,,,"once,was,time"
old school diary of a wimpy kid 10,15.02,5,1,humor,#10,,"old,school,(diary,wimpy,kid"
no dream is too high life lessons from a man who walked on the moon,27.88,2,1,nonfiction,,,"dream,too,high:,life,lessons"
naruto 3in1 edition vol 14 includes vols 40 41 42 naruto omnibus 14,48.76,2,1,sequential art,#14,,"naruto,(3-in-1,edition),,vol.,14:"
my name is lucy barton,52.78,1,1,fiction,,,"name,lucy,barton"
my mrs brown,31.09,3,1,fiction,,,"mrs.,brown"
my kind of crazy,51.26,1,1,young adult,,,"kind,crazy"
mr mercedes bill hodges trilogy 1,36.7,1,1,fiction,#1,,"mr.,mercedes,(bill,hodges,trilogy"
more than music chasing the dream 1,47.76,2,1,add a comment,#1,,"more,than,music,(chasing,the"
made to stick why some ideas survive and others die,49.34,5,1,business,,,"made,stick:,why,some,ideas"
luis paints the world,68.52,3,1,childrens,,,"luis,paints,the,world"
luckiest girl alive,63.28,3,1,default,,,"luckiest,girl,alive"
lowriders to the center of the earth lowriders in space 2,65.42,2,1,sequential art,#2,,"lowriders,the,center,the,earth"
love is a mix tape music 1,22.9,1,1,music,#1,,"love,mix,tape,(music,#1)"
looking for lovely collecting the moments that matter,37.01,5,1,nonfiction,,,"looking,for,lovely:,collecting,the"
living leadership by insight a good leader achieves a great leader builds monuments,59.58,4,1,default,,,"living,leadership,insight:,good,leader"
let it out a journey through journaling,34.02,5,1,nonfiction,,,"let,out:,journey,through,journaling"
lady midnight the dark artifices 1,20.68,5,1,default,#1,,"lady,midnight,(the,dark,artifices"
its all easy healthy delicious weeknight meals in under 30 minutes,24.83,1,1,food and drink,,,"it's,all,easy:,healthy,,delicious"
island of dragons unwanteds 7,37.66,1,1,fantasy,#7,,"island,dragons,(unwanteds,#7)"
i know what im doing and other lies i tell myself dispatches from a life under construction,32.99,4,1,humor,,,"know,what,i'm,doing,and"
i am pilgrim pilgrim 1,13.46,4,1,fiction,#1,,"pilgrim,(pilgrim,#1)"
hyperbole and a half unfortunate situations flawed coping mechanisms mayhem and other things that happened,18.73,5,1,humor,,,"hyperbole,and,half:,unfortunate,situations,"
hush hush hush hush 1,59.72,3,1,default,#1,,"hush,,hush,(hush,,hush,#1)"
hold your breath search and rescue 1,36.6,1,1,romance,#1,,"hold,your,breath,(search,and"
hamilton the revolution,74.66,3,1,nonfiction,,,"hamilton:,the,revolution"
greek mythic history,12.99,5,1,default,,,"greek,mythic,history"
god the most unpleasant character in all fiction,38.14,5,1,religion,,,"god:,the,most,unpleasant,character"
glory over everything beyond the kitchen house,58.22,3,1,historical fiction,,,"glory,over,everything:,beyond,the"
feathers displays of brilliant plumage,62.29,3,1,art,,,"feathers:,displays,brilliant,plumage"
far away places on the brink of change seven continents twentyfive years,19.13,4,1,nonfiction,,,"far,away:,places,the,brink"
every last word,59.02,3,1,default,,,"every,last,word"
eligible the austen project 4,34.4,3,1,fiction,#4,,"eligible,(the,austen,project,#4)"
el deafo,73.18,5,1,sequential art,,,deafo
eight hundred grapes,18.28,4,1,fiction,,,"eight,hundred,grapes"
eaternity more than 150 deliciously easy vegan recipes for a long healthy satisfied joyful life,65.72,5,1,nonfiction,,,"eaternity:,more,than,150,deliciously"
eat fat get thin,68.67,2,1,health,,,"eat,fat,,get,thin"
dont get caught,70.29,1,1,young adult,,,"don't,get,caught"
doctor sleep the shining 2,50.95,2,1,horror,#2,,"doctor,sleep,(the,shining,#2)"
demigods magicians percy and annabeth meet the kanes percy jackson kane chronicles crossover 13,47.64,5,1,fantasy,#1,,"demigods,magicians:,percy,and,annabeth"
dear mr knightley,14.24,5,1,fiction,,,"dear,mr.,knightley"
daily fantasy sports,46.46,1,1,default,,,"daily,fantasy,sports"
crazy love overwhelmed by a relentless god,60.6,2,1,christian,,,"crazy,love:,overwhelmed,relentless,god"
cometh the hour the clifton chronicles 6,31.76,3,1,fiction,#6,,"cometh,the,hour,(the,clifton"
code name verity code name verity 1,28.11,4,1,add a comment,#1,,"code,name,verity,(code,name"
clockwork angel the infernal devices 1,56.06,1,1,default,#1,,"clockwork,angel,(the,infernal,devices"
city of glass the mortal instruments 3,71.15,4,1,fantasy,#3,,"city,glass,(the,mortal,instruments"
city of fallen angels the mortal instruments 4,14.26,4,1,default,#4,,"city,fallen,angels,(the,mortal"
city of bones the mortal instruments 1,54.97,1,1,default,#1,,"city,bones,(the,mortal,instruments"
city of ashes the mortal instruments 2,60.03,1,1,default,#2,,"city,ashes,(the,mortal,instruments"
cell,25.77,4,1,add a comment,,,cell
catching jordan hundred oaks,64.55,3,1,young adult,,,"catching,jordan,(hundred,oaks)"
carry on warrior thoughts on life unarmed,40.45,3,1,default,,,"carry,on,,warrior:,thoughts,life"
carrie,58.71,2,1,default,,,carrie
buying in the secret dialogue between what we buy and who we are,48.01,4,1,nonfiction,,,"buying,in:,the,secret,dialogue"
brain on fire my month of madness,62.64,5,1,nonfiction,,,"brain,fire:,month,madness"
batman europa,40.65,2,1,sequential art,,,"batman:,europa"
barefoot contessa back to basics,35.57,1,1,food and drink,,,"barefoot,contessa,back,basics"
barefoot contessa at home everyday recipes youll make over and over again,64.29,5,1,food and drink,,,"barefoot,contessa,home:,everyday,recipes"
balloon animals,21.63,3,1,fiction,,,"balloon,animals"
art ops vol 1,61.98,3,1,sequential art,,,"art,ops,vol."
aristotle and dante discover the secrets of the universe aristotle and dante discover the secrets of the universe 1,73.84,4,1,young adult,#1,,"aristotle,and,dante,discover,the"
angels walking angels walking 1,43.43,2,1,add a comment,#1,,"angels,walking,(angels,walking,#1)"
angels demons robert langdon 1,65.38,3,1,default,#1,,"angels,demons,(robert,langdon,#1)"
all the light we cannot see,37.93,5,1,historical,,,"all,the,light,cannot,see"
adulthood is a myth a sarahs scribbles collection,13.84,2,1,sequential art,,,"adulthood,myth:,""sarah's,scribbles"",collection"
abstract city,71.59,5,1,nonfiction,,,"abstract,city"
a time of torment charlie parker 14,61.4,5,1,mystery,#14,,"time,torment,(charlie,parker,#14)"
a study in scarlet sherlock holmes 1,21.25,2,1,mystery,#1,,"study,scarlet,(sherlock,holmes,#1)"
a series of catastrophes and miracles a true story of love science and cancer,71.73,2,1,add a comment,,,"series,catastrophes,and,miracles:,true"
a peoples history of the united states,51.8,2,1,add a comment,,,"people's,history,the,united,states"
a man called ove,50.44,1,1,fiction,,,"man,called,ove"
a distant mirror the calamitous 14th century,18.52,3,1,history,,,"distant,mirror:,the,calamitous,14th"
a brush of wings angels walking 3,70.5,1,1,add a comment,#3,,"brush,wings,(angels,walking,#3)"
1491 new revelations of the americas before columbus,27.69,3,1,history,,,"1491:,new,revelations,the,americas"
the three searches meaning and the story,16.93,3,1,default,,,"the,three,searches,,meaning,,and"
searching for meaning in gailana,49.19,1,1,fantasy,,,"searching,for,meaning,gailana"
rook,48.08,4,1,add a comment,,,rook
my kitchen year 136 recipes that saved my life,14.64,2,1,food and drink,,,"kitchen,year:,136,recipes,that"
13 hours the inside account of what really happened in benghazi,34.37,1,1,nonfiction,,,"hours:,the,inside,account,what"
will you wont you want me,17.6,3,1,womens fiction,,,"will,you,won't,you,want"
tipping point for planet earth how close are we to the edge,47.69,1,1,science,,,"tipping,point,for,planet,earth:"
the silent sister riley macpherson 1,58.79,5,1,fiction,#1,,"the,silent,sister,(riley,macpherson"
the midnight watch a novel of the titanic and the californian,33.27,1,1,add a comment,,,"the,midnight,watch:,novel,the"
the lonely city adventures in the art of being alone,42.24,2,1,nonfiction,,,"the,lonely,city:,adventures,the"
the gray rhino how to recognize and act on the obvious dangers we ignore,75.12,4,1,add a comment,,,"the,gray,rhino:,how,recognize"
the golden condom and other essays on love lost and found,50.08,1,1,psychology,,,"the,golden,condom:,and,other"
the epidemic the program 06,18.34,5,1,young adult,,,"the,epidemic,(the,program,0.6)"
the dinner party,71.81,2,1,fiction,,,"the,dinner,party"
the diary of a young girl,76.07,3,1,nonfiction,,,"the,diary,young,girl"
the children,15.09,3,1,add a comment,,,"the,children"
stars above the lunar chronicles 45,61.02,2,1,young adult,#4,,"stars,above,(the,lunar,chronicles"
snatched how a drug queen went undercover for the dea and was kidnapped by colombian guerillas,26.94,3,1,nonfiction,,,"snatched:,how,drug,queen,went"
raspberry pi electronics projects for the evil genius,63.08,4,1,default,,,"raspberry,electronics,projects,for,the"
quench your own thirst business lessons learned over a beer or two,54.79,1,1,business,,,"quench,your,own,thirst:,business"
psycho sanitarium psycho 15,46.95,5,1,horror,#1,,"psycho:,sanitarium,(psycho,#1.5)"
poisonous max revere novels 3,34.04,3,1,mystery,#3,,"poisonous,(max,revere,novels,#3)"
one with you crossfire 5,19.95,4,1,add a comment,#5,,"one,with,you,(crossfire,#5)"
no love allowed dodge cove 1,69.41,4,1,young adult,#1,,"love,allowed,(dodge,cove,#1)"
murder at the 42nd street library raymond ambler 1,69.04,4,1,mystery,#1,,"murder,the,42nd,street,library"
most wanted,44.81,3,1,mystery,,,"most,wanted"
love lies and spies,26.1,2,1,historical fiction,,,"love,,lies,and,spies"
how to speak golf an illustrated guide to links lingo,74.07,5,1,default,,,"how,speak,golf:,illustrated,guide"
hide away eve duncan 20,15.04,1,1,mystery,#20,,"hide,away,(eve,duncan,#20)"
furiously happy a funny book about horrible things,52.65,4,1,nonfiction,,,"furiously,happy:,funny,book,about"
everyday italian 125 simple and delicious recipes,25.53,5,1,food and drink,,,"everyday,italian:,125,simple,and"
equal is unfair americas misguided fight against income inequality,72.21,1,1,politics,,,"equal,unfair:,america's,misguided,fight"
eleanor park,71.77,5,1,default,,,"eleanor,park"
dirty dive bar 1,51.85,4,1,romance,#1,,"dirty,(dive,bar,#1)"
can you keep a secret fear street relaunch 4,61.77,1,1,horror,#4,,"can,you,keep,secret?,(fear"
boar island anna pigeon 19,75.54,3,1,mystery,#19,,"boar,island,(anna,pigeon,#19)"
a paris apartment,49.54,4,1,historical fiction,,,"paris,apartment"
a la mode 120 recipes in 60 pairings pies tarts cakes crisps and more topped with ice cream gelato frozen custard and more,49.24,1,1,food and drink,,,"mode:,120,recipes,pairings:,pies,"
troublemaker surviving hollywood and scientology,61.46,2,1,default,,,"troublemaker:,surviving,hollywood,and,scientology"
the widow,34.62,2,1,mystery,,,"the,widow"
the sleep revolution transforming your life one night at a time,14.83,4,1,nonfiction,,,"the,sleep,revolution:,transforming,your"
the improbability of love,75.5,1,1,fiction,,,"the,improbability,love"
the art of startup fundraising,26.67,3,1,business,,,"the,art,startup,fundraising"
take me home tonight rock star romance 3,68.55,3,1,romance,#3,,"take,home,tonight,(rock,star"
sleeping giants themis files 1,61.9,1,1,science fiction,#1,,"sleeping,giants,(themis,files,#1)"
setting the world on fire the brief astonishing life of st catherine of siena,26.86,2,1,biography,,,"setting,the,world,fire:,the"
playing with fire,17.41,3,1,mystery,,,"playing,with,fire"
off the hook fishing for trouble 1,60.54,3,1,romance,#1,,"off,the,hook,(fishing,for"
mothering sunday,16.94,2,1,fiction,,,"mothering,sunday"
mother can you not,21.45,5,1,nonfiction,,,"mother,,can,you,not?"
m train,34.52,1,1,autobiography,,,train
lilac girls,21.95,2,1,historical fiction,,,"lilac,girls"
lies and other acts of love,57.33,1,1,fiction,,,"lies,and,other,acts,love"
lab girl,51.88,1,1,autobiography,,,"lab,girl"
keep me posted,25.98,4,1,womens fiction,,,"keep,posted"
it didnt start with you how inherited family trauma shapes who we are and how to end the cycle,71.46,3,1,psychology,,,"didn't,start,with,you:,how"
grey fifty shades 4,61.58,4,1,womens fiction,#4,,"grey,(fifty,shades,#4)"
exit pursued by a bear,65.2,4,1,young adult,,,"exit,,pursued,bear"
daredevils,20.75,3,1,fiction,,,daredevils
cravings recipes for what you want to eat,26.04,3,1,food and drink,,,"cravings:,recipes,for,what,you"
born for this how to find the work you were meant to do,27.42,5,1,business,,,"born,for,this:,how,find"
arena,27.13,4,1,science fiction,,,arena
adultery,26.52,5,1,default,,,adultery
a mothers reckoning living in the aftermath of tragedy,24.8,3,1,nonfiction,,,"mother's,reckoning:,living,the,aftermath"
a gentlemans position society of gentlemen 3,18.73,5,1,romance,#3,,"gentleman's,position,(society,gentlemen,#3)"
112263,61.57,3,1,fiction,,,11/22/63
10 happier how i tamed the voice in my head reduced stress without losing my edge and found selfhelp that actually works,31.2,2,1,nonfiction,,,"10%,happier:,how,tamed,the"
10day green smoothie cleanse lose up to 15 pounds in 10 days,63.13,5,1,health,,,"10-day,green,smoothie,cleanse:,lose"
without shame,61.3,5,1,add a comment,,,"without,shame"
watchmen,73.72,4,1,add a comment,,,watchmen
unlimited intuition now,74.76,4,1,default,,,"unlimited,intuition,now"
underlying notes,15.01,2,1,default,,,"underlying,notes"
the shack,35.6,1,1,fiction,,,"the,shack"
the new brand you your new image makes the sale for you,55.94,5,1,default,,,"the,new,brand,you:,your"
the moosewood cookbook recipes from moosewood restaurant ithaca new york,15.67,4,1,food and drink,,,"the,moosewood,cookbook:,recipes,from"
the flowers lied,21.18,2,1,default,,,"the,flowers,lied"
the fabric of the cosmos space time and the texture of reality,71.01,1,1,science,,,"the,fabric,the,cosmos:,space,"
the book of mormon,31.2,3,1,religion,,,"the,book,mormon"
the art and science of low carbohydrate living,67.28,5,1,health,,,"the,art,and,science,low"
the alien club,69.09,1,1,young adult,,,"the,alien,club"
suzie snowflake one beautiful flake a selfesteem story,69.61,5,1,novels,,,"suzie,snowflake:,one,beautiful,flake"
naparoo,31.85,1,1,childrens,,,nap-a-roo
nano what now finding your editing process revising your nanowrimo book and building a writing career through publishing and beyond,13.22,4,1,default,,,"nano,what,now?,finding,your"
modern day fables,60.25,2,1,default,,,"modern,day,fables"
if i gave you gods phone number searching for spirituality in america,26.56,1,1,spirituality,,,"gave,you,god's,phone,number....:"
fruits basket vol 9 fruits basket 9,43.12,4,1,sequential art,#9,,"fruits,basket,,vol.,(fruits,basket"
dress your family in corduroy and denim,55.47,3,1,humor,,,"dress,your,family,corduroy,and"
dont forget steven,42.2,1,1,young adult,,,"don't,forget,steven"
chernobyl 012340 the incredible true story of the worlds worst nuclear disaster,45.62,2,1,nonfiction,,,"chernobyl,01:23:40:,the,incredible,true"
art and fear observations on the perils and rewards of artmaking,61.76,4,1,art,,,"art,and,fear:,observations,the"
a shard of ice the black symphony saga 1,71.92,3,1,fantasy,#1,,"shard,ice,(the,black,symphony"
a heros curse the unseen chronicles 1,64.12,3,1,add a comment,#1,,"hero's,curse,(the,unseen,chronicles"
23 degrees south a tropical tale of changing whether,45.45,2,1,add a comment,,,"degrees,south:,tropical,tale,changing"
zero to one notes on startups or how to build the future,43.26,3,1,nonfiction,,,"zero,one:,notes,startups,,how"
why not me,22.56,1,1,nonfiction,,,"why,not,me?"
when breath becomes air,49.99,2,1,nonfiction,,,"when,breath,becomes,air"
vagabonding an uncommon guide to the art of longterm world travel,46.91,2,1,travel,,,"vagabonding:,uncommon,guide,the,art"
the unlikely pilgrimage of harold fry harold fry 1,55.4,5,1,default,#1,,"the,unlikely,pilgrimage,harold,fry"
the new drawing on the right side of the brain,54.64,3,1,art,,,"the,new,drawing,the,right"
the midnight assassin panic scandal and the hunt for americas first serial killer,36.13,4,1,nonfiction,,,"the,midnight,assassin:,panic,,scandal,"
the martian the martian 1,52.57,2,1,default,#1,,"the,martian,(the,martian,#1)"
the high mountains of portugal,64.96,1,1,fiction,,,"the,high,mountains,portugal"
the grownup,45.57,1,1,short stories,,,"the,grownup"
the emyth revisited why most small businesses dont work and what to do about it,46.88,1,1,business,,,"the,e-myth,revisited:,why,most"
south of sunshine,36.74,1,1,young adult,,,"south,sunshine"
smarter faster better the secrets of being productive in life and business,49.39,5,1,nonfiction,,,"smarter,faster,better:,the,secrets"
silence in the dark logan point 4,74.08,3,1,suspense,#4,,"silence,the,dark,(logan,point"
shadows of the past logan point 1,50.38,5,1,christian fiction,#1,,"shadows,the,past,(logan,point"
roller girl,17.91,5,1,sequential art,,,"roller,girl"
rising strong,27.71,3,1,nonfiction,,,"rising,strong"
proofs of god classical arguments from tertullian to barth,68.85,1,1,philosophy,,,"proofs,god:,classical,arguments,from"
please kill me the uncensored oral history of punk,39.61,4,1,music,,,"please,kill,me:,the,uncensored"
out of print city lights spotlight no 14,68.12,5,1,poetry,,,"out,print:,city,lights,spotlight"
my life next door my life next door ,46.22,5,1,young adult,,,"life,next,door,(my,life"
millers valley,74.35,2,1,fiction,,,"miller's,valley"
mans search for meaning,37.44,3,1,nonfiction,,,"man's,search,for,meaning"
love that boy what two presidents eight road trips and my son taught me about a parents expectations,31.83,2,1,nonfiction,,,"love,that,boy:,what,two"
living forward a proven plan to stop drifting and get the life you want,15.94,3,1,nonfiction,,,"living,forward:,proven,plan,stop"
les fleurs du mal,36.88,5,1,poetry,,,"les,fleurs,mal"
left behind left behind 1,51.71,2,1,default,#1,,"left,behind,(left,behind,#1)"
kill em and leave searching for james brown and the american soul,57.21,5,1,music,,,"kill,'em,and,leave:,searching"
kierkegaard a christian missionary to christians,59.86,1,1,philosophy,,,"kierkegaard:,christian,missionary,christians"
john vassos industrial design for modern life,25.68,4,1,default,,,"john,vassos:,industrial,design,for"
ill give you the sun,71.73,1,1,default,,,"i'll,give,you,the,sun"
i will find you,56.15,1,1,nonfiction,,,"will,find,you"
hystopia a novel,27.89,4,1,fiction,,,"hystopia:,novel"
howl and other poems,51.37,2,1,poetry,,,"howl,and,other,poems"
history of beauty,13.07,4,1,art,,,"history,beauty"
heaven is for real a little boys astounding story of his trip to heaven and back,67.13,2,1,default,,,"heaven,for,real:,little,boy's"
future shock future shock 1,70.68,5,1,young adult,#1,,"future,shock,(future,shock,#1)"
enders game the ender quintet 1,55.42,1,1,default,#1,,"ender's,game,(the,ender,quintet"
diary of a citizen scientist chasing tiger beetles and other new ways of engaging the world,36.08,1,1,science,,,"diary,citizen,scientist:,chasing,tiger"
death by leisure a cautionary tale,47.64,4,1,default,,,"death,leisure:,cautionary,tale"
brilliant beacons a history of the american lighthouse,14.54,3,1,history,,,"brilliant,beacons:,history,the,american"
brazen the courage to find the you thats been hiding,24.41,2,1,nonfiction,,,"brazen:,the,courage,find,the"
between the world and me,72.28,4,1,nonfiction,,,"between,the,world,and"
being mortal medicine and what matters in the end,69.93,4,1,nonfiction,,,"being,mortal:,medicine,and,what"
a murder over a girl justice gender junior high,16.76,3,1,nonfiction,,,"murder,over,girl:,justice,,gender,"
32 yolks,68.11,2,1,food and drink,,,yolks
most blessed of the patriarchs thomas jefferson and the empire of the imagination,56.49,5,1,history,,,"""most,blessed,the,patriarchs"":,thomas"
you are a badass how to stop doubting your greatness and start living an awesome life,15.34,3,1,self help,,,"you,are,badass:,how,stop"
wildlife of new york a fiveborough coloring book,28.12,2,1,default,,,"wildlife,new,york:,five-borough,coloring"
what happened on beale street secrets of the south mysteries 2,32.22,5,1,mystery,#2,,"what,happened,beale,street,(secrets"
unreasonable hope finding faith in the god who brings purpose to your pain,58.84,2,1,spirituality,,,"unreasonable,hope:,finding,faith,the"
under the tuscan sun,47.41,3,1,travel,,,"under,the,tuscan,sun"
toddlers are aholes its not your fault,32.45,1,1,humor,,,"toddlers,are,a**holes:,it's,not"
the year of living biblically one mans humble quest to follow the bible as literally as possible,44.09,1,1,default,,,"the,year,living,biblically:,one"
the whale,45.67,4,1,childrens,,,"the,whale"
the story of art,52.25,4,1,art,,,"the,story,art"
the origin of species,12.71,4,1,science,,,"the,origin,species"
the great gatsby,45.78,4,1,default,,,"the,great,gatsby"
the good girl,62.27,3,1,default,,,"the,good,girl"
the glass castle,20.62,1,1,add a comment,,,"the,glass,castle"
the faith of christopher hitchens the restless soul of the worlds most notorious atheist,50.23,1,1,biography,,,"the,faith,christopher,hitchens:,the"
the drowning girls,45.3,3,1,add a comment,,,"the,drowning,girls"
the constant princess the tudor court 1,21.11,3,1,historical fiction,#1,,"the,constant,princess,(the,tudor"
the bourne identity jason bourne 1,54.33,4,1,fiction,#1,,"the,bourne,identity,(jason,bourne"
the bachelor girls guide to murder herringford and watts mysteries 1,66.42,5,1,mystery,#1,,"the,bachelor,girl's,guide,murder"
the art book,41.07,2,1,art,,,"the,art,book"
the 7 habits of highly effective people powerful lessons in personal change,42.13,4,1,default,,,"the,habits,highly,effective,people:"
team of rivals the political genius of abraham lincoln,25.55,5,1,add a comment,,,"team,rivals:,the,political,genius"
steal like an artist 10 things nobody told you about being creative,26.54,2,1,default,,,"steal,like,artist:,things,nobody"
sit stay love,26.54,3,1,romance,,,"sit,,stay,,love"
sister dear,51.05,4,1,fiction,,,"sister,dear"
shrunken treasures literary classics short sweet and silly,67.14,3,1,childrens,,,"shrunken,treasures:,literary,classics,,short,"
rich dad poor dad,65.71,1,1,business,,,"rich,dad,,poor,dad"
raymie nightingale,43.7,2,1,childrens,,,"raymie,nightingale"
playing from the heart,41.12,1,1,childrens,,,"playing,from,the,heart"
nightstruck a novel,63.94,4,1,young adult,,,"nightstruck:,novel"
naturally lean 125 nourishing glutenfree plantbased recipesall under 300 calories,14.45,5,1,food and drink,,,"naturally,lean:,125,nourishing,gluten-free,"
meternity,55.35,3,1,womens fiction,,,meternity
memoirs of a geisha,63.08,3,1,fiction,,,"memoirs,geisha"
like never before walker family 2,36.54,2,1,christian fiction,#2,,"like,never,before,(walker,family"
life of pi,16.79,4,1,default,,,life
leave this song behind teen poetry at its best,64.99,5,1,poetry,,,"leave,this,song,behind:,teen"
kings folly the kinsman chronicles 1,50.3,5,1,fantasy,#1,,"king's,folly,(the,kinsman,chronicles"
john adams,72.94,4,1,add a comment,,,"john,adams"
how to cook everything vegetarian simple meatless recipes for great food how to cook everything,58.43,4,1,food and drink,,,"how,cook,everything,vegetarian:,simple"
how to be a domestic goddess baking and the art of comfort cooking,35.88,2,1,food and drink,,,"how,domestic,goddess:,baking,and"
good in bed cannie shapiro 1,47.05,5,1,add a comment,#1,,"good,bed,(cannie,shapiro,#1)"
fruits basket vol 7 fruits basket 7,24.85,1,1,sequential art,#7,,"fruits,basket,,vol.,(fruits,basket"
for the love fighting for grace in a world of impossible standards,57.32,3,1,nonfiction,,,"for,the,love:,fighting,for"
finding god in the ruins how god redeems pain,59.23,2,1,nonfiction,,,"finding,god,the,ruins:,how"
every heart a doorway every heart a doorway 1,15.44,5,1,fantasy,#1,,"every,heart,doorway,(every,heart"
delivering the truth quaker midwife mystery 1,26.53,4,1,mystery,#1,,"delivering,the,truth,(quaker,midwife"
counted with the stars out from egypt 1,22.82,5,1,christian fiction,#1,,"counted,with,the,stars,(out"
chronicles vol 1,66.8,2,1,music,,,"chronicles,,vol."
blue like jazz nonreligious thoughts on christian spirituality,32.73,1,1,christian,,,"blue,like,jazz:,nonreligious,thoughts"
benjamin franklin an american life,61.2,3,1,biography,,,"benjamin,franklin:,american,life"
at the existentialist caf freedom being and apricot cocktails with jeanpaul sartre simone de beauvoir albert camus martin heidegger edmund husserl karl jaspers maurice merleauponty and others,38.01,5,1,philosophy,,,"the,existentialist,café:,freedom,,being,"
a summer in europe,56.31,2,1,travel,,,"summer,europe"
a short history of nearly everything,66.55,5,1,history,,,"short,history,nearly,everything"
a gathering of shadows shades of magic 2,56.91,4,1,fantasy,#2,,"gathering,shadows,(shades,magic,#2)"
the sound of love,73.46,5,1,default,,,"the,sound,love"
the rise and fall of the third reich a history of nazi germany,50.38,2,1,history,,,"the,rise,and,fall,the"
the perks of being a wallflower,69.88,3,1,default,,,"the,perks,being,wallflower"
the mysterious affair at styles hercule poirot 1,31.5,4,1,mystery,#1,,"the,mysterious,affair,styles,(hercule"
the man who mistook his wife for a hat and other clinical tales,75.5,4,1,nonfiction,,,"the,man,who,mistook,his"
the makings of a fatherless child,40.11,2,1,default,,,"the,makings,fatherless,child"
the joy of cooking,54.95,4,1,add a comment,,,"the,joy,cooking"
the invention of wings,47.42,1,1,historical fiction,,,"the,invention,wings"
the hobbit middleearth universe,22.61,5,1,default,,,"the,hobbit,(middle-earth,universe)"
the great railway bazaar,38.79,1,1,travel,,,"the,great,railway,bazaar"
the golden compass his dark materials 1,23.84,1,1,add a comment,#1,,"the,golden,compass,(his,dark"
the god delusion,59.5,3,1,add a comment,,,"the,god,delusion"
the girl you left behind the girl you left behind 1,20.05,1,1,historical,#1,,"the,girl,you,left,behind"
the fellowship of the ring the lord of the rings 1,13.04,2,1,default,#1,,"the,fellowship,the,ring,(the"
the collected poems of wb yeats the collected works of wb yeats 1,19.58,5,1,poetry,#1,,"the,collected,poems,w.b.,yeats"
the barefoot contessa cookbook,76.1,5,1,food and drink,,,"the,barefoot,contessa,cookbook"
tell the wolves im home,64.72,2,1,young adult,,,"tell,the,wolves,i'm,home"
ship leaves harbor essays on travel by a recovering journeyman,38.86,3,1,default,,,"ship,leaves,harbor:,essays,travel"
pride and prejudice,24.47,4,1,add a comment,,,"pride,and,prejudice"
musicophilia tales of music and the brain,59.16,1,1,default,,,"musicophilia:,tales,music,and,the"
mere christianity,61.61,3,1,add a comment,,,"mere,christianity"
me before you me before you 1,24.16,1,1,fiction,#1,,"before,you,(me,before,you"
in the woods dublin murder squad 1,48.74,2,1,mystery,#1,,"the,woods,(dublin,murder,squad"
in cold blood,63.47,4,1,nonfiction,,,"cold,blood"
how to stop worrying and start living,59.04,5,1,self help,,,"how,stop,worrying,and,start"
give it back,23.27,2,1,thriller,,,"give,back"
girl interrupted,53.52,3,1,nonfiction,,,"girl,,interrupted"
fun home a family tragicomic,71.87,4,1,add a comment,,,"fun,home:,family,tragicomic"
fruits basket vol 6 fruits basket 6,26.62,4,1,sequential art,#6,,"fruits,basket,,vol.,(fruits,basket"
deception point,51.21,4,1,fiction,,,"deception,point"
death note vol 6 giveandtake death note 6,46.22,3,1,sequential art,#6,,"death,note,,vol.,give-and-take,(death"
catherine the great portrait of a woman,74.36,4,1,history,,,"catherine,the,great:,portrait,woman"
better homes and gardens new cook book,50.3,3,1,food and drink,,,"better,homes,and,gardens,new"
an unquiet mind a memoir of moods and madness,27.05,3,1,psychology,,,"unquiet,mind:,memoir,moods,and"
a year in provence provence 1,72.24,4,1,travel,#1,,"year,provence,(provence,#1)"
world without end the pillars of the earth 2,41.87,4,1,historical fiction,#2,,"world,without,end,(the,pillars"
will grayson will grayson will grayson will grayson,60.08,4,1,young adult,,,"will,grayson,,will,grayson,(will"
why save the bankers and other essays on our economic and political crisis,61.81,2,1,nonfiction,,,"why,save,the,bankers?:,and"
where she went if i stay 2,53.0,4,1,young adult,#2,,"where,she,went,(if,stay"
what if serious scientific answers to absurd hypothetical questions,68.17,4,1,default,,,"what,if?:,serious,scientific,answers"
two summers,18.59,1,1,young adult,,,"two,summers"
this is your brain on music the science of a human obsession,48.77,1,1,music,,,"this,your,brain,music:,the"
the secret garden,19.15,4,1,classics,,,"the,secret,garden"
the raven king the raven cycle 4,38.82,2,1,add a comment,#4,,"the,raven,king,(the,raven"
the raven boys the raven cycle 1,73.33,4,1,fantasy,#1,,"the,raven,boys,(the,raven"
the power greens cookbook 140 delicious superfood recipes,14.03,5,1,food and drink,,,"the,power,greens,cookbook:,140"
the metamorphosis,36.3,1,1,classics,,,"the,metamorphosis"
the mathews men seven brothers and the war against hitlers uboats,54.5,5,1,history,,,"the,mathews,men:,seven,brothers"
the little paris bookshop,31.41,3,1,fiction,,,"the,little,paris,bookshop"
the hiding place,71.01,4,1,history,,,"the,hiding,place"
the grand design,17.48,3,1,science,,,"the,grand,design"
the firm,57.86,3,1,fiction,,,"the,firm"
the fault in our stars,59.97,1,1,default,,,"the,fault,our,stars"
the false prince the ascendance trilogy 1,71.12,5,1,fantasy,#1,,"the,false,prince,(the,ascendance"
the expatriates,56.62,2,1,fiction,,,"the,expatriates"
the dream thieves the raven cycle 2,43.81,1,1,default,#2,,"the,dream,thieves,(the,raven"
the darkest corners,14.39,5,1,young adult,,,"the,darkest,corners"
the crossover,49.24,4,1,poetry,,,"the,crossover"
the 5th wave the 5th wave 1,15.02,2,1,default,#1,,"the,5th,wave,(the,5th"
tell the wind and fire,57.8,3,1,fantasy,,,"tell,the,wind,and,fire"
tell me three things,53.1,1,1,young adult,,,"tell,three,things"
talking to girls about duran duran one young mans quest for true love and a cooler haircut,31.94,4,1,nonfiction,,,"talking,girls,about,duran,duran:"
siddhartha,43.46,5,1,fiction,,,siddhartha
shiver the wolves of mercy falls 1,20.61,5,1,default,#1,,"shiver,(the,wolves,mercy,falls"
remember me,14.58,3,1,default,,,"remember,me?"
red dragon hannibal lecter 1,29.68,3,1,horror,#1,,"red,dragon,(hannibal,lecter,#1)"
peak secrets from the new science of expertise,20.68,2,1,science,,,"peak:,secrets,from,the,new"
my mother was nuts,40.17,4,1,nonfiction,,,"mother,was,nuts"
mexican today new and rediscovered recipes for contemporary kitchens,31.64,5,1,food and drink,,,"mexican,today:,new,and,rediscovered"
maybe something beautiful how art transformed a neighborhood,28.63,1,1,childrens,,,"maybe,something,beautiful:,how,art"
lola and the boy next door anna and the french kiss 2,30.01,4,1,young adult,#2,,"lola,and,the,boy,next"
logan kade fallen crest high 55,16.66,2,1,academic,#5,,"logan,kade,(fallen,crest,high"
last one home new beginnings 1,76.17,3,1,fiction,#1,,"last,one,home,(new,beginnings"
killing floor jack reacher 1,39.99,4,1,thriller,#1,,"killing,floor,(jack,reacher,#1)"
kill the boy band,19.71,5,1,young adult,,,"kill,the,boy,band"
isla and the happily ever after anna and the french kiss 3,61.13,5,1,young adult,#3,,"isla,and,the,happily,ever"
if i stay if i stay 1,48.43,5,1,default,#1,,"stay,(if,stay,#1)"
i know why the caged bird sings maya angelous autobiography 1,46.42,2,1,default,#1,,"know,why,the,caged,bird"
harry potter and the deathly hallows harry potter 7,29.62,1,1,default,#7,,"harry,potter,and,the,deathly"
fruits basket vol 5 fruits basket 5,20.74,1,1,sequential art,#5,,"fruits,basket,,vol.,(fruits,basket"
foundation foundation publication order 1,41.17,1,1,science fiction,#1,,"foundation,(foundation,(publication,order),#1)"
fool me once,21.54,1,1,default,,,"fool,once"
find her detective dd warren 8,28.41,1,1,add a comment,#8,,"find,her,(detective,d.d.,warren"
evicted poverty and profit in the american city,53.68,1,1,add a comment,,,"evicted:,poverty,and,profit,the"
drama,49.15,2,1,default,,,drama
dracula the undead,45.25,5,1,horror,,,"dracula,the,un-dead"
digital fortress,73.66,5,1,fiction,,,"digital,fortress"
death note vol 5 whiteout death note 5,66.56,1,1,sequential art,#5,,"death,note,,vol.,whiteout,(death"
data a love story how i gamed online dating to meet my match,41.08,3,1,nonfiction,,,"data,,love,story:,how,gamed"
critique of pure reason,26.35,1,1,philosophy,,,"critique,pure,reason"
booked,22.21,5,1,poetry,,,booked
blue lily lily blue the raven cycle 3,43.35,5,1,default,#3,,"blue,lily,,lily,blue,(the"
approval junkie adventures in caring too much,74.69,5,1,autobiography,,,"approval,junkie:,adventures,caring,too"
an abundance of katherines,12.7,5,1,young adult,,,"abundance,katherines"
americas war for the greater middle east a military history,65.05,2,1,history,,,"america's,war,for,the,greater"
alight the generations trilogy 2,74.41,4,1,default,#2,,"alight,(the,generations,trilogy,#2)"
a girls guide to moving on new beginnings 2,39.75,1,1,romance,#2,,"girl's,guide,moving,(new,beginnings"
a game of thrones a song of ice and fire 1,58.95,2,1,add a comment,#1,,"game,thrones,song,ice,and"
a feast for crows a song of ice and fire 4,21.86,4,1,fantasy,#4,,"feast,for,crows,song,ice"
a clash of kings a song of ice and fire 2,13.7,3,1,add a comment,#2,,"clash,kings,song,ice,and"
vogue colors a to z a fashion coloring book,66.48,4,1,default,,,"vogue,colors,fashion,coloring,book"
the shining the shining 1,35.41,3,1,default,#1,,"the,shining,(the,shining,#1)"
the pilgrims progress,63.83,2,1,classics,,,"the,pilgrim's,progress"
the perfect play play by play 1,76.19,3,1,romance,#1,,"the,perfect,play,(play,play"
the passion of dolssa,35.97,5,1,historical fiction,,,"the,passion,dolssa"
the jazz of physics the secret link between music and the structure of the universe,49.16,3,1,nonfiction,,,"the,jazz,physics:,the,secret"
the hunger games the hunger games 1,37.91,5,1,default,#1,,"the,hunger,games,(the,hunger"
the hound of the baskervilles sherlock holmes 5,18.82,2,1,classics,#5,,"the,hound,the,baskervilles,(sherlock"
the gunning of america business and the making of american gun culture,21.35,4,1,nonfiction,,,"the,gunning,america:,business,and"
the geography of bliss one grumps search for the happiest places in the world,35.85,2,1,nonfiction,,,"the,geography,bliss:,one,grump's"
the demonists demonist 1,66.18,2,1,fantasy,#1,,"the,demonists,(demonist,#1)"
the demon prince of momochi house vol 4 the demon prince of momochi house 4,35.41,2,1,sequential art,#4,,"the,demon,prince,momochi,house,"
the bone hunters lexy vaughan steven macaulay 2,75.83,3,1,thriller,#2,,"the,bone,hunters,(lexy,vaughan"
the beast black dagger brotherhood 14,58.52,5,1,fantasy,#14,,"the,beast,(black,dagger,brotherhood"
some women,17.44,5,1,womens fiction,,,"some,women"
shopaholic ties the knot shopaholic 3,61.46,5,1,womens fiction,#3,,"shopaholic,ties,the,knot,(shopaholic"
paper and fire the great library 2,62.8,5,1,fantasy,#2,,"paper,and,fire,(the,great"
outlander outlander 1,24.98,5,1,default,#1,,"outlander,(outlander,#1)"
orchestra of exiles the story of bronislaw huberman the israel philharmonic and the one thousand jews he saved from nazi horrors,15.7,3,1,music,,,"orchestra,exiles:,the,story,bronislaw"
no one here gets out alive,25.43,5,1,music,,,"one,here,gets,out,alive"
night shift night shift 120,16.19,4,1,horror,#1,,"night,shift,(night,shift,#1-20)"
needful things,60.34,4,1,horror,,,"needful,things"
mockingjay the hunger games 3,25.96,4,1,default,#3,,"mockingjay,(the,hunger,games,#3)"
misery,44.18,2,1,horror,,,misery
little women little women 1,35.65,4,1,classics,#1,,"little,women,(little,women,#1)"
it,31.76,3,1,horror,,,
harry potter and the sorcerers stone harry potter 1,17.65,3,1,default,#1,,"harry,potter,and,the,sorcerer's"
harry potter and the prisoner of azkaban harry potter 3,30.7,4,1,young adult,#3,,"harry,potter,and,the,prisoner"
harry potter and the order of the phoenix harry potter 5,40.17,4,1,fantasy,#5,,"harry,potter,and,the,order"
harry potter and the halfblood prince harry potter 6,61.91,5,1,fantasy,#6,,"harry,potter,and,the,half-blood"
harry potter and the chamber of secrets harry potter 2,18.72,1,1,fantasy,#2,,"harry,potter,and,the,chamber"
gone with the wind,41.26,3,1,classics,,,"gone,with,the,wind"
god is not great how religion poisons everything,35.31,1,1,nonfiction,,,"god,not,great:,how,religion"
girl with a pearl earring,34.0,1,1,historical fiction,,,"girl,with,pearl,earring"
fruits basket vol 4 fruits basket 4,64.06,4,1,sequential art,#4,,"fruits,basket,,vol.,(fruits,basket"
far from true promise falls trilogy 2,44.36,2,1,thriller,#2,,"far,from,true,(promise,falls"
dark lover black dagger brotherhood 1,16.34,1,1,romance,#1,,"dark,lover,(black,dagger,brotherhood"
confessions of a shopaholic shopaholic 1,62.15,2,1,default,#1,,"confessions,shopaholic,(shopaholic,#1)"
changing the game play by play 2,16.99,3,1,romance,#2,,"changing,the,game,(play,play"
candide,74.46,3,1,classics,,,candide
can you keep a secret,27.86,1,1,womens fiction,,,"can,you,keep,secret?"
atlas shrugged,33.76,5,1,fiction,,,"atlas,shrugged"
animal farm,72.67,3,1,classics,,,"animal,farm"
a walk to remember,71.67,1,1,romance,,,"walk,remember"
a new earth awakening to your lifes purpose,70.68,5,1,spirituality,,,"new,earth:,awakening,your,life's"
a history of god the 4000year quest of judaism christianity and islam,35.08,1,1,religion,,,"history,god:,the,4,000-year,quest"
salems lot,62.94,4,1,horror,,,"'salem's,lot"
zero history blue ant 3,44.16,1,1,default,#3,,"zero,history,(blue,ant,#3)"
wuthering heights,22.52,3,1,classics,,,"wuthering,heights"
world war z an oral history of the zombie war,27.69,1,1,default,,,"world,war,oral,history,the"
wild from lost to found on the pacific crest trail,58.45,3,1,default,,,"wild:,from,lost,found,the"
whered you go bernadette,23.03,1,1,default,,,"where'd,you,go,,bernadette"
when you are engulfed in flames,39.23,5,1,humor,,,"when,you,are,engulfed,flames"
we the people the modernday figures who have reshaped and affirmed the founding fathers vision of america,40.58,3,1,nonfiction,,,"the,people:,the,modern-day,figures"
we are all completely beside ourselves,30.53,1,1,contemporary,,,"are,all,completely,beside,ourselves"
walk the edge thunder road 2,41.1,3,1,young adult,#2,,"walk,the,edge,(thunder,road"
voyager outlander 3,26.76,5,1,historical fiction,#3,,"voyager,(outlander,#3)"
very good lives the fringe benefits of failure and the importance of imagination,64.34,3,1,nonfiction,,,"very,good,lives:,the,fringe"
vegan vegetarian omnivore dinner for everyone at the table,17.35,2,1,food and drink,,,"vegan,vegetarian,omnivore:,dinner,for"
unstuffed decluttering your home mind and soul,73.77,1,1,nonfiction,,,"unstuffed:,decluttering,your,home,,mind,"
under the banner of heaven a story of violent faith,38.1,1,1,nonfiction,,,"under,the,banner,heaven:,story"
two boys kissing,41.58,2,1,young adult,,,"two,boys,kissing"
twilight twilight 1,53.25,2,1,default,#1,,"twilight,(twilight,#1)"
twenties girl,54.36,2,1,womens fiction,,,"twenties,girl"
trespassing across america one mans epic neverdonebefore and sort of illegal hike across the heartland,67.96,1,1,nonfiction,,,"trespassing,across,america:,one,man's"
threemartini lunch,29.48,3,1,fiction,,,"three-martini,lunch"
thinking fast and slow,26.85,1,1,psychology,,,"thinking,,fast,and,slow"
the wild robot,71.21,3,1,childrens,,,"the,wild,robot"
the wicked the divine vol 3 commercial suicide the wicked the divine,18.3,3,1,sequential art,,,"the,wicked,the,divine,,vol."
the undomestic goddess,58.1,4,1,womens fiction,,,"the,undomestic,goddess"
the travelers,20.03,1,1,thriller,,,"the,travelers"
the tipping point how little things can make a big difference,12.73,2,1,add a comment,,,"the,tipping,point:,how,little"
the thing about jellyfish,61.94,1,1,childrens,,,"the,thing,about,jellyfish"
the stand,73.48,2,1,horror,,,"the,stand"
the smitten kitchen cookbook,29.96,1,1,food and drink,,,"the,smitten,kitchen,cookbook"
the silkworm cormoran strike 2,29.27,5,1,mystery,#2,,"the,silkworm,(cormoran,strike,#2)"
the sandman vol 3 dream country the sandman volumes 3,70.55,5,1,sequential art,#3,,"the,sandman,,vol.,dream,country"
the rose the dagger the wrath and the dawn 2,74.47,4,1,fantasy,#2,,"the,rose,the,dagger,(the"
the road to little dribbling adventures of an american in britain notes from a small island 2,29.48,1,1,travel,#2,,"the,road,little,dribbling:,adventures"
the rise of theodore roosevelt theodore roosevelt 1,54.06,3,1,biography,#1,,"the,rise,theodore,roosevelt,(theodore"
the restaurant at the end of the universe hitchhikers guide to the galaxy 2,13.87,1,1,science fiction,#2,,"the,restaurant,the,end,the"
the rest is noise listening to the twentieth century,44.16,1,1,add a comment,,,"the,rest,noise:,listening,the"
the red tent,45.29,5,1,historical fiction,,,"the,red,tent"
the purpose driven life what on earth am i here for,47.23,3,1,add a comment,,,"the,purpose,driven,life:,what"
the purest hook second circle tattoos 3,15.56,1,1,romance,#3,,"the,purest,hook,(second,circle"
the picture of dorian gray,37.72,2,1,classics,,,"the,picture,dorian,gray"
the paris wife,46.74,3,1,default,,,"the,paris,wife"
the obsession,57.7,1,1,romance,,,"the,obsession"
the nightingale,33.35,4,1,fiction,,,"the,nightingale"
the new guy and other senior year distractions,57.05,3,1,young adult,,,"the,new,guy,(and,other"
the nanny diaries nanny 1,66.71,5,1,womens fiction,#1,,"the,nanny,diaries,(nanny,#1)"
the name of god is mercy,47.31,2,1,nonfiction,,,"the,name,god,mercy"
the maze runner the maze runner 1,26.58,1,1,default,#1,,"the,maze,runner,(the,maze"
the lovers dictionary,73.77,2,1,default,,,"the,lover's,dictionary"
the lonely ones,55.36,5,1,childrens,,,"the,lonely,ones"
the lean startup how todays entrepreneurs use continuous innovation to create radically successful businesses,43.08,3,1,business,,,"the,lean,startup:,how,today's"
the last painting of sara de vos,70.55,2,1,historical fiction,,,"the,last,painting,sara,vos"
the land of 10000 madonnas,37.64,4,1,young adult,,,"the,land,10,000,madonnas"
the infinities,34.81,1,1,fiction,,,"the,infinities"
the husbands secret,66.69,5,1,fiction,,,"the,husband's,secret"
the hitchhikers guide to the galaxy hitchhikers guide to the galaxy 1,60.71,3,1,add a comment,#1,,"the,hitchhiker's,guide,the,galaxy"
the guns of august,18.47,2,1,history,,,"the,guns,august"
the guernsey literary and potato peel pie society,62.9,1,1,historical fiction,,,"the,guernsey,literary,and,potato"
the goldfinch,55.35,3,1,default,,,"the,goldfinch"
the giver the giver quartet 1,15.62,1,1,default,#1,,"the,giver,(the,giver,quartet"
the girl with all the gifts,62.83,3,1,horror,,,"the,girl,with,all,the"
the girl who played with fire millennium trilogy 2,28.12,2,1,default,#2,,"the,girl,who,played,with"
the girl who kicked the hornets nest millennium trilogy 3,73.0,1,1,add a comment,#3,,"the,girl,who,kicked,the"
the exiled,55.18,3,1,mystery,,,"the,exiled"
the end of faith religion terror and the future of reason,28.11,4,1,add a comment,,,"the,end,faith:,religion,,terror,"
the elegant universe superstrings hidden dimensions and the quest for the ultimate theory,16.55,4,1,science,,,"the,elegant,universe:,superstrings,,hidden"
the disappearing spoon and other true tales of madness love and the history of the world from the periodic table of the elements,72.83,5,1,science,,,"the,disappearing,spoon:,and,other"
the devil wears prada the devil wears prada 1,56.25,1,1,womens fiction,#1,,"the,devil,wears,prada,(the"
the demonhaunted world science as a candle in the dark,66.36,4,1,default,,,"the,demon-haunted,world:,science,candle"
the day the crayons came home crayons,33.44,5,1,childrens,,,"the,day,the,crayons,came"
the da vinci code robert langdon 2,29.16,2,1,fiction,#2,,"the,vinci,code,(robert,langdon"
the cuckoos calling cormoran strike 1,24.4,1,1,mystery,#1,,"the,cuckoo's,calling,(cormoran,strike"
the complete stories and poems the works of edgar allan poe cameo edition,34.01,4,1,classics,,,"the,complete,stories,and,poems"
the complete poems,52.48,5,1,add a comment,,,"the,complete,poems"
the catcher in the rye,31.18,1,1,add a comment,,,"the,catcher,the,rye"
the cat in the hat beginner books b1,20.65,2,1,childrens,,,"the,cat,the,hat,(beginner"
the case for christ cases for christianity,60.76,1,1,add a comment,,,"the,case,for,christ,(cases"
the book thief,67.93,2,1,default,,,"the,book,thief"
the book of basketball the nba according to the sports guy,56.95,5,1,sports and games,,,"the,book,basketball:,the,nba"
the blind side evolution of a game,68.21,5,1,add a comment,,,"the,blind,side:,evolution,game"
the autobiography of malcolm x,29.76,2,1,default,,,"the,autobiography,malcolm"
the art of simple food notes lessons and recipes from a delicious revolution,43.59,3,1,food and drink,,,"the,art,simple,food:,notes,"
the art of fielding,28.07,1,1,fiction,,,"the,art,fielding"
surely youre joking mr feynman adventures of a curious character,32.8,2,1,science,,,"surely,you're,joking,,mr.,feynman!:"
stiff the curious lives of human cadavers,46.66,3,1,nonfiction,,,"stiff:,the,curious,lives,human"
spilled milk based on a true story,62.88,1,1,nonfiction,,,"spilled,milk:,based,true,story"
something borrowed darcy rachel 1,62.18,5,1,womens fiction,#1,,"something,borrowed,(darcy,rachel,#1)"
something blue darcy rachel 2,69.37,1,1,womens fiction,#2,,"something,blue,(darcy,rachel,#2)"
soldier talon 3,31.39,2,1,fantasy,#3,,"soldier,(talon,#3)"
shopaholic baby shopaholic 5,58.99,2,1,default,#5,,"shopaholic,baby,(shopaholic,#5)"
seven days in the art world,66.46,2,1,add a comment,,,"seven,days,the,art,world"
seven brief lessons on physics,38.86,4,1,science,,,"seven,brief,lessons,physics"
scarlet the lunar chronicles 2,18.5,4,1,young adult,#2,,"scarlet,(the,lunar,chronicles,#2)"
sarahs key,58.79,1,1,add a comment,,,"sarah's,key"
saga volume 3 saga collected editions 3,27.39,5,1,sequential art,#3,,"saga,,volume,(saga,(collected,editions)"
running with scissors,16.4,4,1,autobiography,,,"running,with,scissors"
rogue lawyer rogue lawyer 1,63.64,3,1,add a comment,#1,,"rogue,lawyer,(rogue,lawyer,#1)"
rise of the rocket girls the women who propelled us from missiles to the moon to mars,52.92,4,1,nonfiction,,,"rise,the,rocket,girls:,the"
rework,57.0,2,1,business,,,rework
reservations for two,14.1,3,1,romance,,,"reservations,for,two"
red the true story of red riding hood,36.25,3,1,childrens,,,"red:,the,true,story,red"
ready player one,24.22,4,1,science fiction,,,"ready,player,one"
quiet the power of introverts in a world that cant stop talking,55.31,1,1,default,,,"quiet:,the,power,introverts,world"
prodigy the graphic novel legend the graphic novel 2,55.41,3,1,sequential art,#2,,"prodigy:,the,graphic,novel,(legend:"
persepolis the story of a childhood persepolis 12,49.7,1,1,sequential art,#1,,"persepolis:,the,story,childhood,(persepolis"
packing for mars the curious science of life in the void,71.98,2,1,default,,,"packing,for,mars:,the,curious"
outliers the story of success,17.98,1,1,nonfiction,,,"outliers:,the,story,success"
original fake,39.94,3,1,sequential art,,,"original,fake"
orange is the new black,31.25,2,1,default,,,"orange,the,new,black"
one for the money stephanie plum 1,41.74,2,1,default,#1,,"one,for,the,money,(stephanie"
notes from a small island notes from a small island 1,51.02,1,1,nonfiction,#1,,"notes,from,small,island,(notes"
night the night trilogy 1,17.16,1,1,nonfiction,#1,,"night,(the,night,trilogy,#1)"
neither here nor there travels in europe,49.47,3,1,travel,,,"neither,here,nor,there:,travels"
naked,40.25,3,1,humor,,,naked
morning star red rising 3,37.34,1,1,default,#3,,"morning,star,(red,rising,#3)"
miracles from heaven a little girl her journey to heaven and her amazing story of healing,73.44,1,1,nonfiction,,,"miracles,from,heaven:,little,girl,"
midnight riot peter grant rivers of london books 1,70.43,2,1,fantasy,#1,,"midnight,riot,(peter,grant/,rivers"
me talk pretty one day,73.15,2,1,autobiography,,,"talk,pretty,one,day"
manuscript found in accra,44.42,2,1,add a comment,,,"manuscript,found,accra"
lust wonder,15.07,2,1,autobiography,,,"lust,wonder"
lila gilead 3,15.84,3,1,fiction,#3,,"lila,(gilead,#3)"
life the universe and everything hitchhikers guide to the galaxy 3,42.24,2,1,science fiction,#3,,"life,,the,universe,and,everything"
life without a recipe,74.98,5,1,autobiography,,,"life,without,recipe"
life after life,33.19,2,1,default,,,"life,after,life"
letter to a christian nation,28.19,1,1,nonfiction,,,"letter,christian,nation"
lets pretend this never happened a mostly true memoir,57.29,1,1,nonfiction,,,"let's,pretend,this,never,happened:"
legend legend 1,55.49,4,1,young adult,#1,,"legend,(legend,#1)"
lean in women work and the will to lead,31.78,1,1,default,,,"lean,in:,women,,work,,and"
lamb the gospel according to biff christs childhood pal,70.48,5,1,humor,,,"lamb:,the,gospel,according,biff,"
lady renegades rebel belle 3,67.36,5,1,young adult,#3,,"lady,renegades,(rebel,belle,#3)"
jurassic park jurassic park 1,57.11,1,1,fiction,#1,,"jurassic,park,(jurassic,park,#1)"
its never too late to begin again discovering creativity and meaning at midlife and beyond,53.82,1,1,nonfiction,,,"it's,never,too,late,begin"
is everyone hanging out without me and other concerns,25.54,3,1,default,,,"everyone,hanging,out,without,me?"
into the wild,72.01,5,1,nonfiction,,,"into,the,wild"
inferno robert langdon 4,52.07,5,1,fiction,#4,,"inferno,(robert,langdon,#4)"
in the garden of beasts love terror and an american family in hitlers berlin,36.64,3,1,nonfiction,,,"the,garden,beasts:,love,,terror,"
if i run if i run 1,63.46,4,1,christian fiction,#1,,"run,(if,run,#1)"
ive got your number,25.01,1,1,womens fiction,,,"i've,got,your,number"
i am malala the girl who stood up for education and was shot by the taliban,36.68,2,1,nonfiction,,,"malala:,the,girl,who,stood"
hungry girl clean hungry easy allnatural recipes for healthy eating in the real world,42.09,3,1,food and drink,,,"hungry,girl,clean,hungry:,easy"
house of lost worlds dinosaurs dynasties and the story of life on earth,55.5,2,1,history,,,"house,lost,worlds:,dinosaurs,,dynasties,"
house of leaves,69.71,1,1,horror,,,"house,leaves"
horrible bear,47.65,2,1,childrens,,,"horrible,bear!"
holidays on ice,64.86,2,1,humor,,,"holidays,ice"
heir to the sky,55.97,4,1,fantasy,,,"heir,the,sky"
green eggs and ham beginner books b16,13.7,4,1,childrens,,,"green,eggs,and,ham,(beginner"
grayson vol 3 nemesis grayson 3,54.25,1,1,sequential art,#3,,"grayson,,vol,nemesis,(grayson,#3)"
gratitude,33.86,5,1,nonfiction,,,gratitude
gone girl,47.75,5,1,default,,,"gone,girl"
golden heart of dread 3,53.61,4,1,young adult,#3,,"golden,(heart,dread,#3)"
girl in the blue coat,59.47,2,1,historical fiction,,,"girl,the,blue,coat"
fruits basket vol 3 fruits basket 3,57.37,2,1,sequential art,#3,,"fruits,basket,,vol.,(fruits,basket"
friday night lights a town a team and a dream,65.05,3,1,sports and games,,,"friday,night,lights:,town,,team,"
fire bound sea havensisters of the heart 5,27.03,4,1,add a comment,#5,,"fire,bound,(sea,haven/sisters,the"
fifty shades freed fifty shades 3,19.51,5,1,adult fiction,#3,,"fifty,shades,freed,(fifty,shades"
fellside,49.05,1,1,default,,,fellside
extreme prey lucas davenport 26,32.26,3,1,mystery,#26,,"extreme,prey,(lucas,davenport,#26)"
eragon the inheritance cycle 1,55.71,3,1,fantasy,#1,,"eragon,(the,inheritance,cycle,#1)"
eclipse twilight 3,23.8,1,1,default,#3,,"eclipse,(twilight,#3)"
dune dune 1,69.67,1,1,science fiction,#1,,"dune,(dune,#1)"
dracula,66.83,3,1,default,,,dracula
do androids dream of electric sheep blade runner 1,65.38,1,1,science fiction,#1,,"androids,dream,electric,sheep?,(blade"
disrupted my misadventure in the startup bubble,19.41,5,1,nonfiction,,,"disrupted:,misadventure,the,start-up,bubble"
dead wake the last crossing of the lusitania,49.83,5,1,default,,,"dead,wake:,the,last,crossing"
david and goliath underdogs misfits and the art of battling giants,22.62,1,1,default,,,"david,and,goliath:,underdogs,,misfits,"
darkfever fever 1,71.15,1,1,fantasy,#1,,"darkfever,(fever,#1)"
dark places,30.35,5,1,default,,,"dark,places"
crazy rich asians crazy rich asians 1,62.4,5,1,fiction,#1,,"crazy,rich,asians,(crazy,rich"
counting thyme,13.49,1,1,childrens,,,"counting,thyme"
cosmos,45.94,2,1,add a comment,,,cosmos
civilization and its discontents,76.14,2,1,psychology,,,"civilization,and,its,discontents"
cinder the lunar chronicles 1,33.13,1,1,young adult,#1,,"cinder,(the,lunar,chronicles,#1)"
catastrophic happiness finding joy in childhoods messy years,47.43,2,1,parenting,,,"catastrophic,happiness:,finding,joy,childhood's"
career of evil cormoran strike 3,31.39,2,1,mystery,#3,,"career,evil,(cormoran,strike,#3)"
breaking dawn twilight 4,44.81,5,1,default,#4,,"breaking,dawn,(twilight,#4)"
brave enough,65.18,5,1,nonfiction,,,"brave,enough"
boy meets boy,26.82,3,1,young adult,,,"boy,meets,boy"
born to run a hidden tribe superathletes and the greatest race the world has never seen,34.73,2,1,nonfiction,,,"born,run:,hidden,tribe,,superathletes,"
blink the power of thinking without thinking,27.61,5,1,nonfiction,,,"blink:,the,power,thinking,without"
black flags the rise of isis,51.9,1,1,nonfiction,,,"black,flags:,the,rise,isis"
black butler vol 1 black butler 1,62.62,1,1,sequential art,#1,,"black,butler,,vol.,(black,butler"
big little lies,28.08,1,1,fiction,,,"big,little,lies"
between shades of gray,26.4,5,1,historical fiction,,,"between,shades,gray"
best of my love fools gold 20,34.81,2,1,romance,#20,,"best,love,(fool's,gold,#20)"
beowulf,48.7,2,1,classics,,,beowulf
beautiful creatures caster chronicles 1,27.37,5,1,default,#1,,"beautiful,creatures,(caster,chronicles,#1)"
awkward,48.29,2,1,sequential art,,,awkward
ash,28.02,4,1,fantasy,,,ash
are we there yet,13.54,3,1,childrens,,,"are,there,yet?"
are we smart enough to know how smart animals are,71.86,1,1,nonfiction,,,"are,smart,enough,know,how"
annie on my mind,46.77,5,1,young adult,,,"annie,mind"
and then there were none,44.46,2,1,classics,,,"and,then,there,were,none"
a walk in the woods rediscovering america on the appalachian trail,38.71,4,1,nonfiction,,,"walk,the,woods:,rediscovering,america"
a visit from the goon squad,17.88,5,1,default,,,"visit,from,the,goon,squad"
a storm of swords a song of ice and fire 3,39.65,2,1,fantasy,#3,,"storm,swords,song,ice,and"
a heartbreaking work of staggering genius,68.95,5,1,autobiography,,,"heartbreaking,work,staggering,genius"
8 keys to mental health through exercise,39.42,1,1,psychology,,,"keys,mental,health,through,exercise"
girlboss,64.72,1,1,add a comment,#girlboss,,#girlboss
the suffragettes little black classics 96,15.1,2,1,nonfiction,#96,,"the,suffragettes,(little,black,classics,"
the sense of an ending,39.85,3,1,add a comment,,,"the,sense,ending"
the sandman vol 2 the dolls house the sandman volumes 2,69.61,1,1,sequential art,#2,,"the,sandman,,vol.,the,doll's"
the course of love,21.31,3,1,fiction,,,"the,course,love"
sugar rush offensive line 2,31.01,1,1,sports and games,#2,,"sugar,rush,(offensive,line,#2)"
saga volume 2 saga collected editions 2,14.92,3,1,sequential art,#2,,"saga,,volume,(saga,(collected,editions)"
run spot run the ethics of keeping pets,25.43,1,1,philosophy,,,"run,,spot,,run:,the,ethics"
new moon twilight 2,16.33,4,1,young adult,#2,,"new,moon,(twilight,#2)"
life,40.11,5,1,music,,,life
kindle paperwhite users guide,43.18,3,1,nonfiction,,,"kindle,paperwhite,user's,guide"
h is for hawk,72.92,5,1,nonfiction,,,"for,hawk"
girl online on tour girl online 2,67.91,1,1,young adult,#2,,"girl,online,tour,(girl,online"
fruits basket vol 2 fruits basket 2,14.78,5,1,sequential art,#2,,"fruits,basket,,vol.,(fruits,basket"
diary of a minecraft zombie book 1 a scare of a dare an unofficial minecraft book,67.16,4,1,childrens,,,"diary,minecraft,zombie,book,scare"
y the last man vol 1 unmanned y the last man 1,23.51,4,1,sequential art,#1,,"the,last,man,,vol.,unmanned"
while you were mine,52.48,5,1,historical fiction,,,"while,you,were,mine"
where lightning strikes bleeding stars 3,50.51,3,1,romance,#3,,"where,lightning,strikes,(bleeding,stars"
when im gone,65.99,3,1,fiction,,,"when,i'm,gone"
ways of seeing,50.18,5,1,art,,,"ways,seeing"
vampire knight vol 1 vampire knight 1,19.56,1,1,paranormal,#1,,"vampire,knight,,vol.,(vampire,knight"
vampire girl vampire girl 1,68.35,2,1,fantasy,#1,,"vampire,girl,(vampire,girl,#1)"
twenty love poems and a song of despair,39.31,4,1,poetry,,,"twenty,love,poems,and,song"
travels with charley in search of america,73.43,5,1,nonfiction,,,"travels,with,charley:,search,america"
three wishes river of time california 1,56.11,2,1,science fiction,#1,,"three,wishes,(river,time:,california"
this one moment pushing limits 1,61.86,1,1,romance,#1,,"this,one,moment,(pushing,limits"
the zombie room,25.01,5,1,default,,,"the,zombie,room"
the wicked the divine vol 1 the faust act the wicked the divine,46.38,2,1,sequential art,,,"the,wicked,the,divine,,vol."
the tumor,52.78,5,1,nonfiction,,,"the,tumor"
the story of hong gildong,54.85,4,1,classics,,,"the,story,hong,gildong"
the silent wife,15.67,5,1,fiction,,,"the,silent,wife"
the silent twin detective jennifer knight 3,46.04,3,1,fantasy,#3,,"the,silent,twin,(detective,jennifer"
the selfish gene,37.4,1,1,science,,,"the,selfish,gene"
the secret healer,43.89,3,1,historical fiction,,,"the,secret,healer"
the sandman vol 1 preludes and nocturnes the sandman volumes 1,68.73,3,1,sequential art,#1,,"the,sandman,,vol.,preludes,and"
the republic,42.9,3,1,add a comment,,,"the,republic"
the odyssey,37.64,3,1,add a comment,,,"the,odyssey"
the no 1 ladies detective agency no 1 ladies detective agency 1,73.28,4,1,mystery,#1,,"the,no.,ladies',detective,agency"
the nicomachean ethics,46.15,1,1,philosophy,,,"the,nicomachean,ethics"
the name of the wind the kingkiller chronicle 1,64.25,3,1,default,#1,,"the,name,the,wind,(the"
the mirror the maze the wrath and the dawn 15,37.31,1,1,fantasy,#1,,"the,mirror,the,maze,(the"
the little prince,57.68,2,1,classics,,,"the,little,prince"
the light of the fireflies,69.13,1,1,add a comment,,,"the,light,the,fireflies"
the last girl the dominion trilogy 1,46.05,2,1,science fiction,#1,,"the,last,girl,(the,dominion"
the iliad,20.52,1,1,add a comment,,,"the,iliad"
the hook up game on 1,46.09,5,1,new adult,#1,,"the,hook,(game,#1)"
the haters,35.42,5,1,young adult,,,"the,haters"
the girl you lost,15.61,5,1,mystery,,,"the,girl,you,lost"
the girl in the ice dci erika foster 1,20.13,3,1,mystery,#1,,"the,girl,the,ice,(dci"
the end of the jesus era an investigation 1,18.29,1,1,nonfiction,#1,,"the,end,the,jesus,era"
the edge of reason bridget jones 2,24.36,4,1,womens fiction,#2,,"the,edge,reason,(bridget,jones"
the complete maus maus 12,13.51,3,1,sequential art,#1,,"the,complete,maus,(maus,#1-2)"
the communist manifesto,18.75,3,1,add a comment,,,"the,communist,manifesto"
the bhagavad gita,73.01,3,1,religion,,,"the,bhagavad,gita"
the bette davis club,38.94,3,1,fiction,,,"the,bette,davis,club"
the art of not breathing,51.85,4,1,young adult,,,"the,art,not,breathing"
taking shots assassins 1,23.98,2,1,default,#1,,"taking,shots,(assassins,#1)"
starlark,32.8,3,1,historical fiction,,,starlark
skip beat vol 01 skip beat 1,53.49,3,1,sequential art,#1,,"skip,beat!,,vol.,(skip,beat!"
sister sable the mad queen 1,16.93,3,1,fantasy,#1,,"sister,sable,(the,mad,queen"
shatter me shatter me 1,53.85,1,1,default,#1,,"shatter,(shatter,#1)"
shameless,74.1,3,1,new adult,,,shameless
shadow rites jane yellowrock 10,27.58,4,1,fantasy,#10,,"shadow,rites,(jane,yellowrock,#10)"
settling the score the summer games 1,57.04,2,1,sports and games,#1,,"settling,the,score,(the,summer"
sense and sensibility,47.57,1,1,classics,,,"sense,and,sensibility"
saga volume 1 saga collected editions 1,36.17,1,1,sequential art,#1,,"saga,,volume,(saga,(collected,editions)"
rhythm chord malykhin,35.99,2,1,romance,,,"rhythm,,chord,malykhin"
rat queens vol 1 sass sorcery rat queens collected editions 15,59.64,5,1,sequential art,#1,,"rat,queens,,vol.,sass,sorcery"
paradise lost paradise 1,31.7,1,1,default,#1,,"paradise,lost,(paradise,#1)"
paper girls vol 1 paper girls 15,27.57,4,1,sequential art,#1,,"paper,girls,,vol.,(paper,girls"
ouran high school host club vol 1 ouran high school host club 1,37.93,3,1,sequential art,#1,,"ouran,high,school,host,club,"
origins alphas 05,36.82,1,1,fantasy,,,"origins,(alphas,0.5)"
one second seven 7,67.23,2,1,fantasy,#7,,"one,second,(seven,#7)"
on the road duluoz legend,41.1,3,1,default,,,"the,road,(duluoz,legend)"
old records never die one mans quest for his vinyl and his past,70.69,2,1,music,,,"old,records,never,die:,one"
off sides off 1,50.1,5,1,new adult,#1,,"off,sides,(off,#1)"
of mice and men,59.83,2,1,classics,,,"mice,and,men"
myriad prentor 1,74.61,4,1,fantasy,#1,,"myriad,(prentor,#1)"
my perfect mistake over the top 1,49.43,2,1,romance,#1,,"perfect,mistake,(over,the,top"
ms marvel vol 1 no normal ms marvel 20142015 1,50.03,4,1,sequential art,#1,,"ms.,marvel,,vol.,normal,(ms."
meditations,32.88,2,1,philosophy,,,meditations
matilda,35.99,1,1,childrens,,,matilda
lost among the living,35.18,4,1,historical fiction,,,"lost,among,the,living"
lord of the flies,31.61,3,1,add a comment,,,"lord,the,flies"
listen to me fusion 1,74.92,3,1,romance,#1,,"listen,(fusion,#1)"
kitchens of the great midwest,72.64,5,1,fiction,,,"kitchens,the,great,midwest"
jane eyre,48.81,5,1,default,,,"jane,eyre"
imperfect harmony,44.12,4,1,romance,,,"imperfect,harmony"
icing aces hockey 2,51.36,4,1,sports and games,#2,,"icing,(aces,hockey,#2)"
hawkeye vol 1 my life as a weapon hawkeye 1,57.45,3,1,sequential art,#1,,"hawkeye,,vol.,life,weapon,(hawkeye"
having the barbarians baby ice planet barbarians 75,44.4,4,1,science fiction,#7,,"having,the,barbarian's,baby,(ice"
giant days vol 1 giant days 14,72.09,4,1,sequential art,#1,,"giant,days,,vol.,(giant,days"
fruits basket vol 1 fruits basket 1,51.16,5,1,sequential art,#1,,"fruits,basket,,vol.,(fruits,basket"
frankenstein,48.26,2,1,default,,,frankenstein
forever rockers the rocker 12,36.58,3,1,music,#12,,"forever,rockers,(the,rocker,#12)"
fighting fate fighting 6,49.83,3,1,romance,#6,,"fighting,fate,(fighting,#6)"
emma,41.82,2,1,classics,,,emma
eat pray love,65.18,3,1,nonfiction,,,"eat,,pray,,love"
deep under walker security 1,59.8,5,1,romance,#1,,"deep,under,(walker,security,#1)"
choosing our religion the spiritual lives of americas nones,36.09,4,1,religion,,,"choosing,our,religion:,the,spiritual"
charlie and the chocolate factory charlie bucket 1,29.02,3,1,childrens,#1,,"charlie,and,the,chocolate,factory"
charitys cross charles towne belles 4,52.37,1,1,romance,#4,,"charity's,cross,(charles,towne,belles"
bright lines,49.62,5,1,fiction,,,"bright,lines"
bridget joness diary bridget jones 1,37.87,1,1,womens fiction,#1,,"bridget,jones's,diary,(bridget,jones"
bounty colorado mountain 7,47.32,4,1,romance,#7,,"bounty,(colorado,mountain,#7)"
blood defense samantha brinkman 1,25.78,3,1,mystery,#1,,"blood,defense,(samantha,brinkman,#1)"
bleach vol 1 strawberry and the soul reapers bleach 1,44.01,5,1,sequential art,#1,,"bleach,,vol.,strawberry,and,the"
beyond good and evil,55.09,1,1,philosophy,,,"beyond,good,and,evil"
alice in wonderland alices adventures in wonderland 1,70.52,1,1,classics,#1,,"alice,wonderland,(alice's,adventures,wonderland"
ajin demihuman volume 1 ajin demihuman 1,72.47,4,1,sequential art,#1,,"ajin:,demi-human,,volume,(ajin:,demi-human"
a spys devotion the regency spies of london 1,21.55,5,1,historical fiction,#1,,"spy's,devotion,(the,regency,spies"
1st to die womens murder club 1,68.55,1,1,mystery,#1,,"1st,die,(women's,murder,club"
1000 places to see before you die,33.12,5,1,travel,,,"1,000,places,see,before,you"
